,date,content,id,user,replyCount,retweetCount,likeCount,quoteCount,coordinates,place,hashtags,followers,friends,ijoy
1327,2021-09-01T21:41:51+00:00,"This makes me furious! I remember when R v W decision came down. I was 12, and I remember my mother crying tears of joy as she explained it's importance to me. Glad she is not alive to see what is happening now. Sad day. üò¢ https://t.co/aerceICPUE",1433183346683752450,"Anne Sperling, PhD, ATSF",0,0,20,0,"[-87.940033, 41.644102]","Chicago, IL",0,1464,1348,1
5235,2021-09-01T15:02:00+00:00,@NO_HOMOsapiens I did not enjoy any of my hospital rotations lol I found my joy in community health,1433082720440229896,Bald,0,0,1,0,"[-87.940033, 41.644102]","Chicago, IL",0,599,548,1
5459,2021-09-01T14:42:23+00:00,"@ThatMGBookChick happy birthday, friend üíú
and I think it‚Äôs okay to feel both joy and sadness. sending you hugs.",1433077783920627717,Ronni Davis (semi-hiatus) ‚ú®,0,0,1,0,"[-87.940033, 41.644102]","Chicago, IL",0,3071,1131,1
5700,2021-09-01T14:17:50+00:00,"Creator of them all that sits to the right of the Sun. That opens the veil to let you grow through your karmic lessons. I don‚Äôt be giving my sign enough props. So here to you babes. IN(joy) it all before transforming into the Oracle üîÆ‚ôçÔ∏èüòà I see all. I feel all. Still, I move ü§´ https://t.co/y2HPCQVvYO",1433071605333299201,VirGOAT,0,0,1,0,"[-87.940033, 41.644102]","Chicago, IL",0,502,318,1
10949,2021-09-02T22:54:50+00:00,"May your week ahead of you be filled with bright beginnings, may you be recognized for your gifts! Heading to the beach ‚õ± soon! #chicagotantra #yogini https://t.co/X883egwrXu would love to celebrate üçæ life with anyone seeking help finding their joy and purpose.  I came 2 play! https://t.co/eMwwU3Xtan",1433564099313504257,Tantra Butterfly ü¶ã Goddess Diana Chicago,0,0,0,0,"[-87.940033, 41.644102]","Chicago, IL","['chicagotantra', 'yogini']",1304,1064,1
11794,2021-09-02T21:21:56+00:00,"Dude, you have NO idea how much joy that moment brought me at a much needed time amidst the chaos.  For real, I just couldn't stop hugging you.  üíúüíúüíú Love ya right backüíúüíúüíú https://t.co/zwaUzieV2v",1433540721320120321,val capone: she/her,0,1,25,1,"[-87.940033, 41.644102]","Chicago, IL",0,2748,2795,1
13658,2021-09-02T18:09:42+00:00,happy birthday @khloecoulee ilysm you bring so much joy to my life ü§ç https://t.co/OiUBoAgn7x,1433492345836785668,Wendell,1,1,42,0,"[-87.940033, 41.644102]","Chicago, IL",0,1608,596,1
14257,2021-09-02T17:13:06+00:00,@ClaireMWebeee We get to have a little joy after this shit!!,1433478099065352197,‚ú®mable‚ú®,0,0,1,0,"[-87.940033, 41.644102]","Chicago, IL",0,840,841,1
14438,2021-09-02T16:54:46+00:00,"How do I know I‚Äôm a Virgo?

Because I get joy out of watching the logistics of the tennis balls around the court at the @usopen and the great work their ball persons do.",1433473486039699456,Jake Lenz,0,0,1,1,"[-87.940033, 41.644102]","Chicago, IL",0,169,275,1
15459,2021-09-02T15:11:50+00:00,Thrilled by a visit from @ChicagoDOT to install a speed bump! There‚Äôs no joy like a seeing a ‚Äúspecial truck‚Äù in front of your house! @40thforward ü§ó https://t.co/UtI5sNm2RL,1433447580948652033,Tiffany Sostrin,0,0,8,0,"[-87.707052, 41.9610773]","Lincoln Square, Chicago",0,301,961,1
20987,2021-09-03T23:23:26+00:00,I'm legit so happy I can stream You Give Me Joy and everything else again omg https://t.co/EQ2KZ9A84d,1433933687536619520,üéÑDungaresse WeatherspoonsüéÑ,0,0,2,0,"[-87.940033, 41.644102]","Chicago, IL",0,379,1980,1
21323,2021-09-03T22:45:06+00:00,@ThorniestBerry @MackWubz this brings me so much joy,1433924037961465860,Nicky üåàüíï üîú ZEDD,0,0,2,0,"[-87.940033, 41.644102]","Chicago, IL",0,808,1476,1
24868,2021-09-03T17:07:38+00:00,Comparison is the thief of joy. Pour up a drink. Turn the album on and just enjoy it in the moment.,1433839111849271297,drunk bartender,0,8,23,1,"[-87.940033, 41.644102]","Chicago, IL",0,873,537,1
24922,2021-09-03T17:02:02+00:00,The fact that my cousins and I have been hanging out literally every weekend for the past 2 months fills my heart with joy ü•∞ biggest support system I have is my family anyone comes for them just know I‚Äôm there swinging ü§üüèªü§ûüèª,1433837701715927040,Kat,0,1,2,0,"[-87.8321527, 41.816203]","Riverside, IL",0,281,289,1
25412,2021-09-03T16:20:55+00:00,"Appreciating a moment of socially distanced, maskless joy with a nitro cold brew ahead of a business lunch. @ Beatrix https://t.co/yJMD16TKFg",1433827353717784577,Charles Herring,0,0,1,0,"[-87.62253764, 41.89442502]","Chicago, IL",0,8727,524,1
25686,2021-09-03T15:55:40+00:00,This is some walk-off home run kinda joy running ‚ù§Ô∏è https://t.co/W5EYGyg0pV,1433821000773292033,katie,0,0,0,0,"[-87.940033, 41.644102]","Chicago, IL",0,321,1857,1
26497,2021-09-03T14:48:33+00:00,"@ForNft gm dinfo! one thing i‚Äôve learned is to no fomo into putting a collection out. i want my first collection to stand the test of time, and continue to grow on the secondary market. this thought process has motivated me to continue to do what i love with a renewed sense of joy‚ù§Ô∏è",1433804109661020163,Wooglets,0,0,2,0,"[-87.940033, 41.644102]","Chicago, IL",0,1161,614,1
27933,2021-09-03T11:50:30+00:00,Today no give me joy at all. Lagosians seriously need to reconsider  their waste disposal methods oo.... This is not it. https://t.co/XR2QEhMOAk,1433759303039602689,FWDR. Chidubem Ferdinand Atuokoye.,2,1,3,0,"[-87.940033, 41.644102]","Chicago, IL",0,4056,4986,1
29399,2021-09-03T04:09:42+00:00,@RealSimpleAriel Yeah! Joy District,1433643340805849088,Mitch Picks,1,0,1,0,"[-87.940033, 41.644102]","Chicago, IL",0,96011,278,1
30330,2021-09-03T02:44:38+00:00,told my mom matching socks is for nerds and virgins and now she‚Äôs pacing around going ‚Äúyou‚Äôre such a joy‚Äù sarcastically,1433621929928413186,liv‚ö°Ô∏è,0,0,5,0,"[-87.870332, 41.984433]","Park Ridge, IL",0,100,160,1
31984,2021-09-03T00:20:26+00:00,@stevebuscemily I think it will bring a lot of people joy,1433585641191841795,eclair,0,0,1,0,"[-87.940033, 41.644102]","Chicago, IL",0,176,200,1
34194,2021-09-04T20:19:21+00:00,"@GOP Is this @GOPChairwoman ? Because I want to run as a Republican but this is really turning me off. I‚Äôve had enough insurrection like statements encouraging people that others are unfit to lead. I would like to teach future voters about peace, love, and Joy, and I‚Äôm not feeling it.",1434249748408569856,Jesse,1,0,0,0,"[-87.940033, 41.644102]","Chicago, IL",0,4,143,1
37060,2021-09-04T15:20:54+00:00,The gray skies at all of the games in the Midwest today bring me an inordinate amount of joy,1434174639966756866,Ashton Pollard,0,1,11,0,"[-87.940033, 41.644102]","Chicago, IL",0,658,906,1
38564,2021-09-04T09:14:24+00:00,Great stream tonight! 9 hours of pure joy! Back at it again tomorrow at 3pm central @ https://t.co/UrYTZ4rmc5,1434082409167921156,Lord EG3üêùüê®ü§°üëë,0,0,0,0,"[-87.940033, 41.644102]","Chicago, IL",0,92,481,1
38900,2021-09-04T06:09:43+00:00,"4) we named it ‚ÄúQueerdovia‚Äù‚Ä¶a Queerdo Utopia where everyone who came was seen and heard and celebrated‚Ä¶full of the same awe-inspiring, and hope filled JOY my husband brings to my life every single day. I am obviously sleep deprived, but all of this to say‚Ä¶We CAN build‚Ä¶",1434035931644837890,2Gays1Twitch,1,0,17,0,"[-87.940033, 41.644102]","Chicago, IL",0,701,994,1
39562,2021-09-04T04:07:15+00:00,@cee_pain Sew üòÇüòÇüòÇ thank you so much. It brings me joy sounding out the words,1434005110812729344,Legends Never Die,0,0,0,0,"[-87.940033, 41.644102]","Chicago, IL",0,370,288,1
39623,2021-09-04T03:59:41+00:00,#ShangChi is an absolute joy to watch. One of Marvel‚Äôs best to date.,1434003206812704770,Steven Schultz,1,0,3,0,"[-87.940033, 41.644102]","Chicago, IL",['ShangChi'],140,103,1
40181,2021-09-04T02:53:23+00:00,"The horrible things I‚Äôve seen done to women, the self-hate and misogyny, the lack of agency or self-esteem, the despair, the joy, the triumph. I‚Äôve delivered about 1000 babies; I‚Äôve cared for at least that many miscarriages.

-continued
#AbortionIsHealthcare",1433986520294248449,"ùô¥ùöüùöéùöïùö¢ùöó ùôµùöíùöêùöûùöéùöõùöòùöä, ùôºùô≥",1,0,2,0,"[-87.940033, 41.644102]","Chicago, IL",['AbortionIsHealthcare'],1389,884,1
41580,2021-09-04T00:27:37+00:00,"@BOOSIEOFFICIAL WTF does @LilNasX need to stop doing? Being free? Being beautiful? Being super damn talented? Stop advocating for his own joy, happiness and peace? Maybe you should stop! Stop pretending amazing humans like him need to prescribe to your toxic variations of masculinity! Boy bye!",1433949838224367616,IAmBrentHamlet10,0,0,0,0,"[-87.940033, 41.644102]","Chicago, IL",0,1077,4902,1
43845,2021-09-05T19:52:53+00:00,@natekang Joy &gt;,1434605473655820295,Craig S Hensel,0,0,1,0,"[-87.940033, 41.644102]","Chicago, IL",0,1352,720,1
44094,2021-09-05T19:25:45+00:00,@esports_DiA @Roodood1 @RandomMCaster @Axeman87Casts ü•∫ü•∫ü•∫it's been nothing short of a joy. Easily one of the best things about my 2021 was getting to cast my homeland's region every Saturday and it wouldn't have happened if not for you ‚ù§Ô∏è,1434598645681303561,Henrique DaMour (FourY4),0,0,3,0,"[-87.940033, 41.644102]","Chicago, IL",0,594,1827,1
47163,2021-09-05T13:31:50+00:00,"@ThisIsNotJay20 Mans just vibing, gotta love black joy",1434509581779079169,Spike,0,0,2,0,"[-87.721809, 41.706027]","Evergreen Park, IL",0,408,2331,1
48940,2021-09-05T03:30:02+00:00,Always a joy working with Dr Hull. A true patient advocate and an amazing person https://t.co/AsPi3L0EWq,1434358132352995328,Mohamed Eltemamy,0,0,5,0,"[-87.940033, 41.644102]","Chicago, IL",0,302,378,1
49461,2021-09-05T02:23:15+00:00,"Nothing but pure joy on Shane Beamer‚Äôs face after his first career W. He may be the first head coach who actually wants to be at the University of South Carolina since Coach Morrison passed in ‚Äò88. It‚Äôs a long road ahead, but this could the dawn of a bright new era in Columbia.",1434341324019453954,Da√±iel Schwartz,0,0,12,0,"[-87.940033, 41.644102]","Chicago, IL",0,354,1035,1
49751,2021-09-05T01:45:50+00:00,"GOD, I love my son. It‚Äôs a like a legit joy and pure happiness that comes over me when he‚Äôs near me.",1434331908096339968,Legends Never Die,1,0,1,0,"[-87.940033, 41.644102]","Chicago, IL",0,370,288,1
51352,2021-09-06T22:45:26+00:00,"@el_surberino Outside of his children (I assume), it's his pride and joy.
This is (joking/not joking?) my inheritance, so he says",1435011286329401351,Gidal Kaiser,0,0,1,0,"[-87.940033, 41.644102]","Chicago, IL",0,1712,402,1
52936,2021-09-06T20:09:07+00:00,"L‚ÄôShana Tova. Happy New Year. May you all have a year filled with good health, blessings, joy, &amp; success!
#shanatova #israel #jewish #chicago #jewishnewyear #jerusalem #cardonacollection #simcha @ Chicago Downtown https://t.co/dymUJFM7bW",1434971946429599744,Cardona Collection,0,0,1,0,"[-87.62614846, 41.88046793]","Chicago, IL","['shanatova', 'israel', 'jewish', 'chicago', 'jewishnewyear', 'jerusalem', 'cardonacollection', 'simcha']",1695,1841,1
53121,2021-09-06T19:47:40+00:00,@visorboy1974 Tears of fucking JOY,1434966549782319110,#RipRemDog .,1,0,1,0,"[-87.940033, 41.644102]","Chicago, IL",0,869,1211,1
53706,2021-09-06T18:48:27+00:00,@BurtonHat That was a heart wretching to watch the kid cry. But his joy when he got to meet him was amazing!,1434951646321299462,kornkid15,0,0,3,0,"[-87.940033, 41.644102]","Chicago, IL",0,765,1197,1
54654,2021-09-06T17:16:11+00:00,"Absolutely one of my highlights was the joy when I realized y'all were here.  üò≠üò≠üò≠üò≠

I can't wait to FTF HNN &amp; get some quality time in this October.  Love you three so much! https://t.co/2GyObaVOCQ",1434928428873093121,val capone: she/her,1,0,2,0,"[-87.940033, 41.644102]","Chicago, IL",0,2748,2795,1
56316,2021-09-06T14:24:00+00:00,@JoyAnnReid @GOP Speak the truth!Joy,1434885097598160905,kennedy d. jones,0,0,0,0,"[-87.799908, 41.733586]","Burbank, IL",0,1,56,1
56705,2021-09-06T13:25:01+00:00,@ontheairalex Alex‚Ä¶. I was in tears of joy man. I‚Äôve been following the Lucha Bros for years. And to see them finally win. In that brutal steel cage. Happiness. For all of you. Cero Miedo! üëèüëèüëèüá≤üáΩ #AEWAllOut https://t.co/DJjBJKRbTz,1434870254304473095,Sir Marcos,1,0,4,0,"[-87.940033, 41.644102]","Chicago, IL",['AEWAllOut'],478,222,1
59061,2021-09-06T03:09:20+00:00,@HaceFrio27 @justrenzy_ It gave me green joy to close it and throw it across my bed when I was having a argument over the phone ü§£ü§£ü§£,1434715311744372736,KJTHEGREAT ‚úçüèæ,0,0,10,0,"[-87.940033, 41.644102]","Chicago, IL",0,1581,947,1
60949,2021-09-07T23:53:22+00:00,Grateful to Lee Newcomer and the fabulous staff at #PerformersMusic for allowing me to use their practice studio ahead of my recital on the #DameMyraHessMemorialConcertSeries tomorrow - also thank you for the joy of buying physical scores from an actual music store! https://t.co/TggAnDMyDi,1435390770861776899,Silvan Negru»õiu,0,0,1,0,"[-87.62423360643619, 41.87651061774205]",Fine Arts LLC,"['PerformersMusic', 'DameMyraHessMemorialConcertSeries']",74,54,1
61609,2021-09-07T22:40:25+00:00,"‚ÄúWhat brings you joy?‚Äù
‚ÄúSlangin these fades.‚Äù
Mamiya C330
Kodak Porta 160
Developed and scanned by mi. 
A gifted piece from my Fac//es collection to .@jlindsayfilm 
#OpenSeaNFT https://t.co/J49snQ39WB",1435372411789139971,BrittanyPierre.eth,1,2,5,0,"[-87.940033, 41.644102]","Chicago, IL",['OpenSeaNFT'],5300,2741,1
61681,2021-09-07T22:32:13+00:00,"It has been a joy to see the man he is turning out to be! My nephew @alldae15 is such a dope young man‚ù£üíØüí™üèæüëÜüèæ
#Family1st #ChiseUpFamily @ Chicago, Illinois https://t.co/wCU5kseN6t",1435370346648047617,Daws ~aka~ Lotto,0,0,0,0,"[-87.632496, 41.883222]","Chicago, IL","['Family1st', 'ChiseUpFamily']",1611,2256,1
61816,2021-09-07T22:18:31+00:00,"@DanPolko @justinaversano @kgpnyc @erubes1 @alexandruchitu_ Don‚Äôt forget about Black women photographers! I‚Äôve got my Fac//es project that is donating half of sales to Good Kids Mad City. Black youth led organization. Celebrate Black Joy! Collect Black History! 

https://t.co/YiBd9Ktdfm

#OpenSeaNFT https://t.co/B55BPiW6xP",1435366900448600066,BrittanyPierre.eth,1,0,4,0,"[-87.940033, 41.644102]","Chicago, IL",['OpenSeaNFT'],5300,2741,1
61977,2021-09-07T22:05:18+00:00,"""The hardness of God is kinder than the softness of men, and His compulsion is or liberation.""
‚è§ C.S. Lewis, Surprised by Joy #CSLI",1435363573673480192,C.S. Lewis Institute,0,4,6,0,"[-87.940033, 41.644102]","Chicago, IL",['CSLI'],5170,497,1
62044,2021-09-07T21:55:44+00:00,"@cameraguygimmik In 2011, @CMPunk was the man behind my desire to watch independent wrestling, pushing fans to see the world out of WWE. I was there when he won the big gold in Chicago. Seen nearly every Chicago show he was in. When he returned recently, I was shocked once again with joy. https://t.co/9tAMIkowYK",1435361167015354374,Brian E. Wrestling,0,0,4,0,"[-87.940033, 41.644102]","Chicago, IL",0,99,405,1
63367,2021-09-07T19:23:14+00:00,Just posted a photo @ Joy District https://t.co/X2y5QuIo9b,1435322787619614724,Alexander Great,0,0,0,0,"[-87.6318, 41.89026]","Chicago, IL",0,1029,939,1
63391,2021-09-07T19:20:08+00:00,You can't have a sense of joy if you're not at peace https://t.co/jSUm8r4Jng,1435322006849863680,Chanted,0,1,1,0,"[-87.833698, 41.850023]","Forest Park, IL",0,1633,2243,1
63607,2021-09-07T18:53:27+00:00,"@allyier @NFTMillionaire Fac//es celebrates Black joy. 
The collection is from .175-.25
Half of sales go to Good Kids Mad City. A youth led org fighting for change in Black and brown communities. 
Collect Black history. 
.175-.25
#buyblackart #OpenSeaNFT 
https://t.co/YiBd9Ktdfm https://t.co/OwPakSX82R",1435315293727956998,BrittanyPierre.eth,0,4,11,0,"[-87.940033, 41.644102]","Chicago, IL","['buyblackart', 'OpenSeaNFT']",5300,2741,1
63856,2021-09-07T18:27:22+00:00,"@CryptoCana Fac//es celebrates Black joy. 
The collection is from .175-.25
Half of sales go to Good Kids Mad City. A youth led org fighting for change in Black and brown communities. 
Collect Black history. 
#OpenSeaNFT 
https://t.co/YiBd9Ktdfm https://t.co/lqbPVGYtBq",1435308728153169931,BrittanyPierre.eth,0,0,0,0,"[-87.940033, 41.644102]","Chicago, IL",['OpenSeaNFT'],5300,2741,1
64111,2021-09-07T17:56:56+00:00,"@DropNFTArt Fac//es celebrates Black joy. 
The collection is from .175-.25
Half of sales go to Good Kids Mad City. A youth led org fighting for change in Black and brown communities. 
Collect Black history. 
#OpenSeaNFT 
https://t.co/YiBd9Ktdfm https://t.co/comskWM2iS",1435301070033522697,BrittanyPierre.eth,0,0,0,0,"[-87.940033, 41.644102]","Chicago, IL",['OpenSeaNFT'],5300,2741,1
64236,2021-09-07T17:42:42+00:00,"Hey.@pranksy!!! Do you have any Black art in your collection? Add more!!! 
Fac//es celebrates Black joy. 
The collection is from .175-.25
Half of sales go to Good Kids Mad City. A youth led org fighting for change in Black and brown communities. 

https://t.co/YiBd9Ktdfm https://t.co/CektCdsozI",1435297490253893635,BrittanyPierre.eth,0,2,5,1,"[-87.940033, 41.644102]","Chicago, IL",0,5300,2741,1
64460,2021-09-07T17:12:35+00:00,"@meshna Fac//es celebrates Black joy. 
The collection is from .175-.25
Half of sales go to Good Kids Mad City. A youth led org fighting for change in Black and brown communities. 
Collect Black history. 

https://t.co/YiBd9Ktdfm https://t.co/qvvNVgxcHj",1435289909401726976,BrittanyPierre.eth,0,0,0,0,"[-87.940033, 41.644102]","Chicago, IL",0,5300,2741,1
64575,2021-09-07T16:57:42+00:00,"@Kimiro74114607 Fac//es is a celebration of Black joy
half of sales go to .@GKMC18
A youth led org who‚Äôs mission is to bring the youth together to fight for change. 

https://t.co/YiBd9Ktdfm

i‚Äôve added a photo of the roadmap for more info!

#OpenSeaNFT https://t.co/0BfBfT89i3",1435286165679190018,BrittanyPierre.eth,0,0,1,0,"[-87.940033, 41.644102]","Chicago, IL",['OpenSeaNFT'],5300,2741,1
64944,2021-09-07T16:18:04+00:00,Lady at this Burger King I‚Äôm at sounds like she‚Äôs beyond over her job I mean their is 0 ounce of joy in her voice https://t.co/3Iwq0D0r1M,1435276190101671947,A-A-Ron Jedi Knight,0,0,0,0,"[-87.940033, 41.644102]","Chicago, IL",0,247,379,1
65031,2021-09-07T16:08:34+00:00,"@SlimpenniesNFT Fac//es celebrates Black joy. 
The collection is from .175-.25
Half of sales go to Good Kids Mad City. A youth led org fighting for change in Black and brown communities. 
Collect Black history. 

https://t.co/YiBd9Ktdfm https://t.co/f8JYaD19Xi",1435273797901373441,BrittanyPierre.eth,0,0,1,0,"[-87.940033, 41.644102]","Chicago, IL",0,5300,2741,1
65188,2021-09-07T15:48:48+00:00,"@TAYL0RWTF Fac//es celebrates Black joy. 
The collection is from .175-.25
Half of sales go to Good Kids Mad City. A youth led org fighting for change in Black and brown communities. 
Collect Black history. 
‚ÄúWhat brings you joy?‚Äù
‚ÄúMOVEMENT!‚Äù
https://t.co/gpXWx5HmDD",1435268826334121987,BrittanyPierre.eth,0,0,2,0,"[-87.940033, 41.644102]","Chicago, IL",0,5300,2741,1
65837,2021-09-07T14:24:52+00:00,@lolahubner_ GM. I‚Äôm a Chicago based photographer that wants to document Black joy. I also give back up to half of all of my sales to Black organizations that work to uplift and propel the Black community. https://t.co/1LKQdJiVzl https://t.co/zEdDKxY6BX,1435247700472107012,BrittanyPierre.eth,1,0,2,0,"[-87.940033, 41.644102]","Chicago, IL",0,5300,2741,1
66004,2021-09-07T13:59:32+00:00,"@erksenia1 Fac//es is a celebration of Black joy
half of sales go to .
@GKMC18
. A youth led org who‚Äôs mission is to bring the youth together to fight for change. 

https://t.co/YiBd9Ktdfm‚Ä¶

i‚Äôve added a photo of the roadmap for more info! https://t.co/xXO0J7B1zb",1435241327504003072,BrittanyPierre.eth,0,0,0,0,"[-87.940033, 41.644102]","Chicago, IL",0,5300,2741,1
66394,2021-09-07T12:52:29+00:00,"Fac//es celebrates Black joy. 
The collection is from .175-.25
Half of sales go to Good Kids Mad City. A youth led org fighting for change in Black and brown communities. 
Collect Black history. 

‚ÄúWhat brings you joy?‚Äù
‚ÄúMy Harmonica‚Äù

https://t.co/1LKQdJiVzl 

#OpenSeaNFT",1435224455366815747,BrittanyPierre.eth,1,36,50,4,"[-87.940033, 41.644102]","Chicago, IL",['OpenSeaNFT'],5300,2741,1
66445,2021-09-07T12:45:25+00:00,"@VitoWelch2 Fac//es is a celebration of Black joy
half of sales go to .
@GKMC18
. A youth led org who‚Äôs mission is to bring the youth together to fight for change. 

https://t.co/YiBd9Ktdfm

i‚Äôve added a photo of the roadmap for more info! #OpenSeaNFT https://t.co/iarUqDZXLR",1435222676277284865,BrittanyPierre.eth,0,0,1,0,"[-87.940033, 41.644102]","Chicago, IL",['OpenSeaNFT'],5300,2741,1
66509,2021-09-07T12:32:51+00:00,"@RealmissNFT Fac//es is a celebration of Black joy
half of sales go to Good Kids Mad City 
. A youth led org who‚Äôs mission is to bring the youth together to fight for change. 

https://t.co/YiBd9Ktdfm

i‚Äôve added a photo of the roadmap for more info! https://t.co/3hGQbknZz2",1435219510471110658,BrittanyPierre.eth,0,0,0,0,"[-87.940033, 41.644102]","Chicago, IL",0,5300,2741,1
66557,2021-09-07T12:21:20+00:00,"@WickedApe5397 Fac//es is a celebration of Black joy
half of sales go to .@GKMC18
A youth led org who‚Äôs mission is to bring the youth together to fight for change. 

https://t.co/YiBd9Ktdfm

i‚Äôve added a photo of the roadmap for more info!

#OpenSeaNFT https://t.co/x0Gb8ol9bN",1435216613876371460,BrittanyPierre.eth,0,1,7,0,"[-87.940033, 41.644102]","Chicago, IL",['OpenSeaNFT'],5300,2741,1
67189,2021-09-07T05:58:08+00:00,@sunisalee_ I am filled with joy #myfavoritewareagle,1435120176656224259,Larry M. Nolan,0,0,0,0,"[-87.940033, 41.644102]","Chicago, IL",['myfavoritewareagle'],64,536,1
67569,2021-09-07T04:20:38+00:00,"@slyflymccartney My Fac//es project is an ode to Black joy. 
.175-.25 $eth
Half of sales go to Good Kids Mad City, a youth led organization who‚Äôs goal is to is to bring young community members together to build unity, nurture healing, and create a thriving community. https://t.co/GkTpMPrj2L",1435095641127112708,BrittanyPierre.eth,0,1,1,0,"[-87.940033, 41.644102]","Chicago, IL",0,5300,2741,1
67602,2021-09-07T04:11:16+00:00,"@buddyxo @justmoteHQ He‚Äôs so, so adorable!! So glad you have those captured, Stacey. He‚Äôs such a special part of your life and his presence brought so much joy to so many viewers ‚Äî little does he know. ‚ò∫Ô∏èüòç",1435093286046388224,maria arfanakis (galanis),0,0,1,0,"[-87.940033, 41.644102]","Chicago, IL",0,14241,6996,1
67703,2021-09-07T03:56:35+00:00,"@dfinzer My Fac//es project is an ode to Black joy. 
.175-.25 $eth 
Half of sales go to Good Kids Mad City, a youth led organization who‚Äôs goal is to is to bring young community members together to build unity, nurture healing, and create a thriving community. https://t.co/YiBd9Ktdfm https://t.co/SYWFpOhIvl",1435089589367095296,BrittanyPierre.eth,0,0,0,0,"[-87.940033, 41.644102]","Chicago, IL",0,5300,2741,1
67884,2021-09-07T03:27:36+00:00,"Surrounded by love, sweetness, and good food experiences on my second 22nd birthday! Thank you all for the greetings! üéÇüåà‚òÄÔ∏è #2021 #abundance #joy #gratitude #celebration @ Roister https://t.co/g7ZSS9y5oC",1435082295392800768,J Santos,0,0,0,0,"[-87.65182502, 41.88651533]","Chicago, IL","['abundance', 'joy', 'gratitude', 'celebration']",353,294,1
68095,2021-09-07T03:03:07+00:00,"i know because i‚Äôm documenting Black joy my art isn‚Äôt going to sell out in 30 minutes. but these little pieces of history will be worth it in the long run. Archiving our life is up to US. 
yesterday in chicago 
Mamiya C330 camera
kodak portra 160
Kodak ektar 100
we all we got https://t.co/hXfwNJZ0ow",1435076134136389637,BrittanyPierre.eth,1,14,36,1,"[-87.940033, 41.644102]","Chicago, IL",0,5300,2741,1
68235,2021-09-07T02:45:51+00:00,"@PeterSchiller96 @joshlanghoff @JohnBenedeck *almost caused me to go into panic mode when I heard our favorite Cult jam, haha.  100,000 shirts later I start with absolute joy...then not so much, haha https://t.co/jnEsF8DglP",1435071787155525634,val capone: she/her,2,0,2,0,"[-87.940033, 41.644102]","Chicago, IL",0,2748,2795,1
68325,2021-09-07T02:33:18+00:00,"my last promo of the night. 
Fac//es is a celebration of Black joy
half of sales go to .@GKMC18. A youth led org who‚Äôs mission is to bring the youth together to fight for change. 

https://t.co/YiBd9Ktdfm

i‚Äôve added a photo of the roadmap for more info! https://t.co/AzUzHwOEH6",1435068631436644360,BrittanyPierre.eth,0,8,15,0,"[-87.940033, 41.644102]","Chicago, IL",0,5300,2741,1
69075,2021-09-07T00:59:08+00:00,"@ForeverStros I had the joy of watching Dallas pitch just 10 days ago. And when I say ‚Äújoy,‚Äù I mean‚Ä¶üí© https://t.co/FNQejc5e0y",1435044934336319489,Scott Maier,0,0,0,0,"[-87.63372302055359, 41.82987314517242]",Guaranteed Rate Field,0,665,779,1
69604,2021-09-08T23:56:21+00:00,"this brought me so much joy today‚ú®congrats, dear naveen!
@seagullbooks https://t.co/XhEH9TbJbx",1435753909948227585,Kristen Raddatz,0,0,9,1,"[-87.940033, 41.644102]","Chicago, IL",0,1440,2944,1
70472,2021-09-08T22:39:17+00:00,"@bxtcheth @Crypto_Breezy7 Fac//es is a celebration of Black joy. 
Half of all sales go to Good Kids Mad City. A youth led organization fighting for change in Black and brown communities! https://t.co/xTmD1Sx05z",1435734515809492995,BrittanyPierre.eth,0,0,2,0,"[-87.940033, 41.644102]","Chicago, IL",0,5300,2741,1
71899,2021-09-08T20:13:19+00:00,"‚ÄúWhat brings you joy?‚Äù
‚ÄúLIFE!‚Äù
Half of all sales go to Good Kids Mad City helping bring resources and fighting for change in Black and brown communities in Chicago. 
.175 $eth 
https://t.co/FDIFyhVZOQ

#OpenSeaNFT 

if gas is getting you down dm me to purchase! https://t.co/onIAEuKRig",1435697782107643915,BrittanyPierre.eth,0,1,2,1,"[-87.940033, 41.644102]","Chicago, IL",['OpenSeaNFT'],5300,2741,1
72409,2021-09-08T19:10:00+00:00,@organik_chi apparently anya taylor-joy received a 5 min standing ovation for her performance!,1435681845367218188,Wendell,0,0,3,0,"[-87.940033, 41.644102]","Chicago, IL",0,1608,596,1
73429,2021-09-08T17:17:48+00:00,"‚ÄúWhat brings you joy?‚Äù
‚ÄúThe beat‚Äù
Half of sales go to .@GKMC18 A youth led organization fighting for change in Black and brown communities. 

To purchase, DM me. We can do a transfer to your wallet plus $50 to cover my transfer gas fee.
 
https://t.co/EVHAg5IdiU

#OpenSeaNFT https://t.co/QdTFLvDW32",1435653610151481352,BrittanyPierre.eth,0,3,4,1,"[-87.940033, 41.644102]","Chicago, IL",['OpenSeaNFT'],5300,2741,1
73935,2021-09-08T16:26:43+00:00,@kyyle23 Kyle in a perfect world I‚Äôm dating Joy Taylor and cheating isnt in the realm. But ü§∑üèΩ‚Äç‚ôÇÔ∏è,1435640756014829570,#RipRemDog .,1,0,0,0,"[-87.940033, 41.644102]","Chicago, IL",0,869,1211,1
74176,2021-09-08T16:01:34+00:00,"After 19 months of so much loss, uncertainty, illness, solitude, &amp; what felt like a never ending funk, I am beginning to regain that sense of joy and warmth that so many of you all kept reminding me of. I don‚Äôt want to forget that. Here‚Äôs to another trip around the sun!",1435634424570433543,Luis Roman,0,0,3,0,"[-87.940033, 41.644102]","Chicago, IL",0,992,1802,1
74177,2021-09-08T16:01:33+00:00,"If one photo is worth a thousand words, I can even quantify the amount of words, emotions, joy, this photo collage captures. Thank you all so much for the warm and thoughtful birthday wishes. https://t.co/Njf0B3FyLI",1435634422028570624,Luis Roman,2,0,5,0,"[-87.940033, 41.644102]","Chicago, IL",0,992,1802,1
74695,2021-09-08T15:15:45+00:00,"‚ÄúWhat brings you joy?‚Äù
‚ÄúHouse music!‚Äù

https://t.co/X3OiCN73lS 

This one is reserved for someone awesome but there‚Äôs plenty more and my last 10 pieces will be dropping soon! There are still some pieces left at .175. 
Collect these! 
#OpenSeaNFT",1435622895112306693,BrittanyPierre.eth,0,0,3,0,"[-87.940033, 41.644102]","Chicago, IL",['OpenSeaNFT'],5300,2741,1
74883,2021-09-08T14:56:29+00:00,"Anyway
Gas is down! Collect Black History!
Fac//es project is a celebration of Black joy in Chicago!
1/1s
.175-.25
Half of sales donated to Good Kids Mad City. A youth led organization fighting for change In Black and brown communities. 
#OpenSeaNFT 
https://t.co/ABPi8GCok2 https://t.co/bUdTZrmC7V",1435618045611937792,BrittanyPierre.eth,0,2,3,1,"[-87.940033, 41.644102]","Chicago, IL",['OpenSeaNFT'],5300,2741,1
75538,2021-09-08T13:43:44+00:00,Reasons I wanted a 10-pack of children when I was younger. Look at all this Black Joy in one home. üíûüíóüñ§ https://t.co/RQ8Z3kRSFF,1435599738531979269,"Sincerely, Tyra: #SlayTheDream",1,0,2,0,"[-87.940033, 41.644102]","Chicago, IL",0,1377,4996,1
75692,2021-09-08T13:24:46+00:00,"Let‚Äôs do this! 
#motivation #humpday #leader #work #veteran #nonprofit #philanthropy #chicago #food #happy #love #joy #community #world #health #yes https://t.co/EiSuOW0B6h",1435594966600859651,Dion‚Äôs Chicago Dream,0,1,2,0,"[-87.940033, 41.644102]","Chicago, IL","['motivation', 'humpday', 'leader', 'work', 'veteran', 'nonprofit', 'philanthropy', 'chicago', 'food', 'happy', 'love', 'joy', 'community', 'world', 'health', 'yes']",252,62,1
75782,2021-09-08T13:11:34+00:00,"‚ÄúWhat brings you joy?‚Äù
‚ÄúThe Sun‚Äù
The//sun is available on .@opensea for .2Œû
Fac//es is a celebration Black joy.
Half of all sales go to .@GKMC18. a youth led organization fighting for change in Black and brown neighborhoods in Chicago. 

https://t.co/9qNn4Ry84D

#OpenSeaNFT https://t.co/9bbFMoTD6c",1435591642157928449,BrittanyPierre.eth,0,0,2,0,"[-87.940033, 41.644102]","Chicago, IL",['OpenSeaNFT'],5300,2741,1
76085,2021-09-08T12:24:23+00:00,"Joy comes in the morning! @ Chicago, Illinois https://t.co/xh6Toaklsk",1435579767588274184,RESTORED BY TAMMYE,0,0,0,0,"[-87.632496, 41.883222]","Chicago, IL",0,161,310,1
76465,2021-09-08T09:54:20+00:00,"I‚Äôm sure the families of the 1,500 people per day dying of this love hearing this shitstain tell them to get the disease so we can have the irreplaceable joy of having big crowds in Tuscaloosa again. https://t.co/e931SETHTb",1435542007720579072,Phil Lueck,0,0,0,0,"[-87.940033, 41.644102]","Chicago, IL",0,431,1570,1
76997,2021-09-08T05:09:28+00:00,"The LORD thy God in the midst of thee is mighty; he will save, he will rejoice over thee with joy; h‚Ä¶
https://t.co/yylf7wBAxY",1435470320199143426,Pastor HPJamison,0,0,0,0,"[-87.940033, 41.644102]","Chicago, IL",0,883,734,1
79021,2021-09-08T01:37:37+00:00,Pure joy! https://t.co/LYUXbWdGzI,1435417005201428482,Manasi Pethe,0,0,13,0,"[-87.940033, 41.644102]","Chicago, IL",0,525,693,1
79427,2021-09-08T00:54:21+00:00,"@ArtInspector5 Fac//es celebrates Black joy. 
The collection is from .175-.25
Half of sales go to Good Kids Mad City. A youth led org fighting for change in Black and brown communities. 
Collect Black history. 
#OpenSeaNFT 
https://t.co/YiBd9Ktdfm https://t.co/wx53oM0dNx",1435406115244847109,BrittanyPierre.eth,0,0,2,0,"[-87.940033, 41.644102]","Chicago, IL",['OpenSeaNFT'],5300,2741,1
79513,2021-09-08T00:44:55+00:00,"Barry windham - ric flair called him a 6'5"" 255 lb ricky steamboat. When he was on he was a joy to watch and i respect his ability to sometimes just collect a paycheck",1435403743848288262,Pete Turkey,1,0,0,0,"[-87.820078, 41.6457104]","Palos Heights, IL",0,141,1614,1
79841,2021-09-08T00:14:53+00:00,"@AEWonTNT For sure still recovering, but this moment was a top favorite for me. That Steel Cage was a war. Tears of joy for our Lucha Brothers. üò≠üôåüá≤üáΩ #AEWAllOut https://t.co/UepQHQfIVW",1435396185397858308,Sir Marcos,1,1,3,0,"[-87.940033, 41.644102]","Chicago, IL",['AEWAllOut'],479,222,1
82288,2021-09-09T20:01:29+00:00,"Fac//es celebrates Black joy. 
The collection is from .175-.25
Half of sales go to Good Kids Mad City. A youth led org fighting for change in Black and brown communities. 
Collect Black history. 
‚ÄúWhat brings you joy?‚Äù
‚ÄúThe beat.‚Äù

https://t.co/EVHAg5IdiU
#OpenSeaNFT https://t.co/ZiPuRpTruz",1436057190276767747,BrittanyPierre.eth,0,1,2,0,"[-87.940033, 41.644102]","Chicago, IL",['OpenSeaNFT'],5300,2741,1
82703,2021-09-09T19:20:48+00:00,"Kindness and pure joy, love it https://t.co/XmQfr1b5zi",1436046953700265991,LaKeena McGee,0,0,0,0,"[-87.940033, 41.644102]","Chicago, IL",0,748,423,1
82750,2021-09-09T19:15:24+00:00,@joncoopertweets @POTUS Waiting for de joy of firing DeJoy.,1436045593915314179,RoseVaxxed3x,0,0,0,0,"[-87.940033, 41.644102]","Chicago, IL",0,969,1949,1
83254,2021-09-09T18:16:03+00:00,"Thanks, friend!  I know I love getting to be a part of the community &amp; share all the bad assery, all the joy that we get to experience each &amp; every Big Gay Brunch.  Much love to @OGkevingill for all the awesome &amp; of course @EFFYlives for believing in us to bring it on mic.üíóüíúüíô https://t.co/tPWUBVvdHr",1436030655482277893,val capone: she/her,0,1,5,0,"[-87.940033, 41.644102]","Chicago, IL",0,2748,2795,1
85891,2021-09-09T13:44:19+00:00,"My newest collection Fac//es celebrates Black joy in Chicago. 
.175-.25
Half of the sales from this collection will be donated to .@GKMC18 a you led organization fighting for change in Black and brown communities in Chicago. 

https://t.co/YiBd9Ktdfm

#OpenSeaNFT 
.@opensea",1435962275152728068,BrittanyPierre.eth,2,19,26,1,"[-87.940033, 41.644102]","Chicago, IL",['OpenSeaNFT'],5300,2741,1
85936,2021-09-09T13:39:13+00:00,"GM y‚Äôall! 
Got some new followers so here‚Äôs a little about me
36 years old
Picked up photography again in 2017 after depression and attempting suic*de
I use photography as a way to archive Black joy as I am kind of over the slave/thug/drug dealer narrative that is thrusted on /1",1435960991829958656,BrittanyPierre.eth,1,3,24,2,"[-87.940033, 41.644102]","Chicago, IL",0,5300,2741,1
86495,2021-09-09T12:17:56+00:00,"You may have to look harder but if you really try you'll find joy every day in magical ways. #beyourhero @ Chicago, Illinois https://t.co/KDDABGppJd",1435940535525642240,Jennifer Bach Hogg,0,0,0,0,"[-87.632496, 41.883222]","Chicago, IL",['beyourhero'],347,221,1
86771,2021-09-09T11:22:30+00:00,"Lord Jesus, fill us with Your Holy Spirit and set our hearts free. May Your merciful love bring us joy and help us to know Your peace.",1435926582900793346,brcampmin,0,1,11,0,"[-87.798798, 41.68331]","Oak Lawn, IL",0,156,188,1
87173,2021-09-09T06:07:35+00:00,Ans why the hell is Louis De Joy still around?! #FireThemAll we don‚Äôt need any more TFG loyalists‚Äô hands on anything anymore.,1435847331837091840,Johnny (the piano geek). üéπüè≥Ô∏è‚Äçüåàüåäüåøüòéüí®,1,0,4,0,"[-87.940033, 41.644102]","Chicago, IL",['FireThemAll'],10434,8992,1
87969,2021-09-09T03:31:39+00:00,"@Stormwatcher771 @GKMC18 These pieces are taken on film with a 1969 Mamiya C330. i also develop, scan, and edit myself! I want to show the joy of being Black in america. I am over the slave or thug narrative. And that can be difficult for others to see the value. https://t.co/gpXWx5HmDD",1435808091765940229,BrittanyPierre.eth,0,0,0,0,"[-87.940033, 41.644102]","Chicago, IL",0,5300,2741,1
89832,2021-09-09T00:53:12+00:00,"‚Äúwhat brings you joy?‚Äù
‚ÄúBeing Silly!‚Äù
Black Joy in Chicago
.@Kodak Portra 160
Shot on a mamiya c330
Developed and scanned by mi. https://t.co/1eb9Y1s5r8",1435768216584871939,BrittanyPierre.eth,0,2,8,0,"[-87.940033, 41.644102]","Chicago, IL",0,5300,2741,1
91779,2021-09-10T21:38:04+00:00,Seeing Moon Man &amp; King Slime in the same frame brings me serious joy - made me appreciate the track a lot more too   üåëüåëüêçüêç https://t.co/kw1kQDlO5e,1436443886227005455,badoor üÖ¥,0,1,2,0,"[-87.940033, 41.644102]","Chicago, IL",0,522,1315,1
92419,2021-09-10T20:32:31+00:00,@BasicAppleGuy Your blog brings me so much joy. Blue works perfectly with my setup üíô,1436427388074795066,brandon,1,0,1,0,"[-87.940033, 41.644102]","Chicago, IL",0,545,853,1
95243,2021-09-10T15:46:51+00:00,Joy your suit  today is very beautiful üòç,1436355496794116118,Odessa Haynes,0,0,0,0,"[-87.940033, 41.644102]","Chicago, IL",0,54,285,1
95350,2021-09-10T15:35:20+00:00,The joy in his face &amp; laugh is well worth the eventual property &amp; bodily damage to come. https://t.co/sazWmSqwGO,1436352598496485379,White Sox Barber üíà,1,0,15,0,"[-87.940033, 41.644102]","Chicago, IL",0,1461,1098,1
96910,2021-09-10T12:29:26+00:00,Snap shots that bring me joy. https://t.co/1gMTGmTnaN,1436305814302699547,Meggnog Nicoal,0,0,4,0,"[-87.940033, 41.644102]","Chicago, IL",0,260,467,1
96991,2021-09-10T12:12:27+00:00,"Though the reality of your understanding may not come in the moment, but I trust you to still my heart in waiting. 
This life comes with so much uncertainty, hurt and joy so I rest in the only constant I see, Your PURE INTENTIONAL LOVE FOR ME. 

‚Ä¶Your priceless daughter",1436301541921656834,Chidi BSN| MPH,0,2,1,0,"[-87.940033, 41.644102]","Chicago, IL",0,311,288,1
98367,2021-09-10T04:03:45+00:00,Watching the Cowboys lose yet another game they should‚Äôve won brings joy to my life,1436178558582460423,La Miche Girl üçÖüç∫ü•í,1,0,1,0,"[-87.940033, 41.644102]","Chicago, IL",0,1191,724,1
99016,2021-09-10T03:12:22+00:00,"‚ÄúWhat brings you joy?‚Äù
‚ÄúLIFE!‚Äù
Fac//es is an ode to Black joy. I want to use my platform to show that Black Americans are more than ‚Äúthugs‚Äù, slaves, and drug dealers. We live life. We love.We are passionate.
Collect for .175 on .@opensea https://t.co/FDIFyhVZOQ
#OpenSeaNFT https://t.co/rh1yFQWubI",1436165626440060931,BrittanyPierre.eth,0,2,4,1,"[-87.940033, 41.644102]","Chicago, IL",['OpenSeaNFT'],5300,2741,1
101049,2021-09-10T00:19:19+00:00,@NFTMillionaire Archiving Black joy in Chicago. https://t.co/xTmD1Sx05z,1436122075803041794,BrittanyPierre.eth,1,0,2,0,"[-87.940033, 41.644102]","Chicago, IL",0,5300,2741,1
103574,2021-09-11T20:15:27+00:00,@KhatyaChhor @KellyScaletta Absolutely love his smile. It‚Äôs a great flash of joy.,1436785481467957251,Pets Resist Too,0,0,1,0,"[-87.918968, 41.8332198]","Westchester, IL",0,5007,5429,1
103808,2021-09-11T19:50:13+00:00,@missssthaang I'm shooting a heart because of your profile photo. I mean this one is good. but the joy with your kids is a heavy flex!!,1436779131446890498,JLARK365,1,1,1,0,"[-87.940033, 41.644102]","Chicago, IL",0,471,1123,1
103921,2021-09-11T19:38:46+00:00,@TheDevonMonroe I joy &amp; prancing that commences when we surprise each other in a locker room.  ü•∞ü•∞ü•∞ü•∞ü•∞ü•∞ü•∞,1436776250304040961,val capone: she/her,0,0,0,0,"[-87.940033, 41.644102]","Chicago, IL",0,2748,2795,1
105216,2021-09-11T17:35:13+00:00,"It‚Äôs still üî•üî•üî• out there‚Ä¶ make sure you gots your fan and chilled champagne ü•Ç üçæ and stay hydrated üí¶üòâüíù

ÏïÑÏßÅÎèÑ Ïó¨Î¶ÑÏù∏Í∞Ä‚Ä¶ ÏôúÏºÄ ÎçîÏõå ü•µ Î∂ÄÏ±ÑÏóÜÏù¥ Î™ªÎã§ÎãàÍ≤†Îã§Îäî‚Ä¶ „Öã„Öã ÏÉ¥ÌéòÏù∏ÎèÑ ÎÇòÏÅòÏßÄ ÏïäÏïÑ ü•Ç 
.
.
.
#thefoodie #joy #photodump on a #hotday @ Cheers! https://t.co/dDj6ncGtsO",1436745158909997061,Esther Song,1,0,0,0,"[-87.61075924, 41.70743271]","Chicago, IL","['thefoodie', 'joy', 'photodump', 'hotday']",2180,505,1
106267,2021-09-11T15:52:08+00:00,Oh my goodness this @ManUtd team is a joy to watch,1436719214082015237,White Sox Barber üíà,0,0,1,0,"[-87.940033, 41.644102]","Chicago, IL",0,1461,1098,1
107378,2021-09-11T13:56:11+00:00,"I will be wearing a lot of green this fall and winter season. All things abundance. Not just coin, but love, community, creativity an abundance of Black joy. More from my 2020 Fall Lewkbook. üêçüçÉüåø @ Chicago, Illinois https://t.co/cP6T1Ms25o",1436690034669797378,theNeoAfro,0,0,1,0,"[-87.632496, 41.883222]","Chicago, IL",0,1181,1973,1
110908,2021-09-11T01:37:06+00:00,@conservmillen My niece turns 2 in January. Really don‚Äôt want to see that cute adorable ball of joy in a mask.,1436504037701083139,Evan,0,0,2,0,"[-87.940033, 41.644102]","Chicago, IL",0,351,1138,1
111510,2021-09-11T00:43:59+00:00,"@ChicagoSportsT3 Here‚Äôs the thing‚Ä¶ I had it last Oct/Nov, I was fine. Luckily I didn‚Äôt share it with anyone else before I knew. What I dont understand is why people think it‚Äôs fine to spread anything, covid, a cold, flu, head lice, the clap, the love of the Cubs, the joy that is pet rats, etc",1436490671083425796,Jennifer S,1,0,0,0,"[-87.940033, 41.644102]","Chicago, IL",0,845,1302,1
112025,2021-09-12T23:54:35+00:00,Oh joy. A massless muskateer on the flight. Thanks Florida.,1437203014809538560,Kenneth Hughes,1,0,0,0,"[-87.940033, 41.644102]","Chicago, IL",0,249,288,1
112913,2021-09-12T22:44:38+00:00,".@russwest44 about to spark this masculine v. feminine debate in the Black Twitter universe again...oh joyü§¶üèæ‚Äç‚ôÄÔ∏è. I'll be so glad when we can free ourselves from these forced, westernized/socialized views and standards of identity.",1437185411256827904,PeeplesVoice,0,0,2,0,"[-87.940033, 41.644102]","Chicago, IL",0,3918,1541,1
116313,2021-09-12T17:55:58+00:00,"üö®Tonight at 6 pm on #BlackVoicesWTTW on @wttw w/@brandisfriedman!üö®

‚úÖBlack maternal health w/Dr. Joy West, Felicia Davis, &amp; @ChiVolDoulas 
‚úÖ@CPS offers housing microgrants
‚úÖ@dawnturnertrice on memoir ""3 Girls from Bronzeville"" 
‚úÖfootworking lights up the Mart w/@angelidowu3",1437112765643116546,Dibs Endorser,1,5,6,1,"[-87.940033, 41.644102]","Chicago, IL",['BlackVoicesWTTW'],835,1594,1
116588,2021-09-12T17:29:37+00:00,Full of life and full of joy... we pray for you @Pontifex. https://t.co/rN2hLeM2Nh,1437106134939283461,Fr. Manuel Dorantes,0,0,7,0,"[-87.940033, 41.644102]","Chicago, IL",0,7765,844,1
117517,2021-09-12T16:06:37+00:00,@C_Spaghett1 @oocupcakejoy @likedemolition @Panthera_Onca6 Joy is awesome,1437085249641582592,Gabriel D. Silva Fire Nagy!,1,0,4,0,"[-87.940033, 41.644102]","Chicago, IL",0,1823,2104,1
119389,2021-09-12T09:49:24+00:00,This just made me cry tears of joy. I can‚Äôt wait to get a gun! So happy for her! https://t.co/PHCXV8XfnP,1436990317849423874,‚úø Moan-A-LI$A ‚úø,0,0,0,0,"[-87.940033, 41.644102]","Chicago, IL",0,1706,661,1
120189,2021-09-12T05:02:44+00:00,"Now the God of hope fill you with all joy and peace in believing, that ye may abound in hope, throu‚Ä¶
https://t.co/SA8Nvuvnrt",1436918175745073156,Pastor HPJamison,0,0,0,0,"[-87.940033, 41.644102]","Chicago, IL",0,883,734,1
120431,2021-09-12T04:27:30+00:00,"@CheesyTexan @LindaPeters64 @LiveaMemory @LisaRivera2207 @RoadtripC @beckyexploring @RudiGourmand @DonNadeau @DoroLef @FitLifeTravel @leisurelambie Oh my goodness, such a mix of joy for the birth of your child and grief",1436909309284212737,Alana | Course Charted ‚úà,0,0,1,0,"[-87.940033, 41.644102]","Chicago, IL",0,7497,206,1
120544,2021-09-12T04:12:32+00:00,This makes me SO happy!  Oh the joyüíúüíöüíúüíöüíúüíö https://t.co/viSOiyBcQS,1436905542518202368,val capone: she/her,1,2,20,1,"[-87.940033, 41.644102]","Chicago, IL",0,2748,2795,1
121507,2021-09-12T02:31:29+00:00,@DudespostingWs Lol. See the joy on the dogs face.,1436880114285957123,&REW,0,0,0,0,"[-87.940033, 41.644102]","Chicago, IL",0,1122,1048,1
123541,2021-09-13T23:28:06+00:00,Aye I take so much joy in trolling you have no clue,1437558737124958209,Dan Glorious,0,0,0,0,"[-87.940033, 41.644102]","Chicago, IL",0,714,517,1
124992,2021-09-13T21:10:49+00:00,My 2021 IG highlights really bring me joy,1437524189301329931,E ER E ER SOUNDADABED,0,0,0,0,"[-87.940033, 41.644102]","Chicago, IL",0,469,258,1
125055,2021-09-13T21:02:05+00:00,"Second piece for today. 
‚ÄúWhat brings you joy?‚Äù
‚ÄúMy grandchildren‚Äù
.2 $eth 
Half of all sales for this project go to Good Kids Mad City. A youth led organization fighting for change in Black and brown communities. 
#OpenSeaNFT https://t.co/pUEdpmKnfy",1437521994342359047,BrittanyPierre.eth,0,1,5,0,"[-87.940033, 41.644102]","Chicago, IL",['OpenSeaNFT'],5300,2741,1
125129,2021-09-13T20:54:15+00:00,A joy to see @TonyaFrancisco and my former co-worker and pal @AmyRutledgeTV üôåüèø https://t.co/1rT59uRegG,1437520019219488776,Brandon Pope TV,0,0,8,0,"[-87.940033, 41.644102]","Chicago, IL",0,12610,5750,1
125287,2021-09-13T20:40:28+00:00,"Newest piece in the Fac//es collection:
‚ÄúWhat brings you joy?‚Äù
‚ÄúRestoring Black women, men, and children through dance, healing circles, play, building communities, and more.‚Äù
.2 $eth 
https://t.co/JWkXvY31uf
#OpenSeaNFT https://t.co/vWcdjMQbwZ",1437516550517542917,BrittanyPierre.eth,1,4,12,1,"[-87.940033, 41.644102]","Chicago, IL",['OpenSeaNFT'],5300,2741,1
126932,2021-09-13T17:37:35+00:00,You are the sweetest for not mocking my joy.  I can't tell you how many people give me guff about it.  I love Wrestling. I'm damn proud of it.  That's honestly the single most important live event I've ever attended since the 1st I remember @ age 7.  #Ladymarkforlifeüí™üèªü¶Ñüíú https://t.co/YtdmCumcv5,1437470526444802052,val capone: she/her,2,0,7,0,"[-87.940033, 41.644102]","Chicago, IL",['Ladymarkforlife'],2748,2795,1
128596,2021-09-13T14:33:39+00:00,@oocupcakejoy Thanks Joy,1437424238592462849,Gabriel D. Silva Fire Nagy!,0,0,1,0,"[-87.940033, 41.644102]","Chicago, IL",0,1822,2104,1
128821,2021-09-13T14:01:29+00:00,"Yes I haven‚Äôt felt joy since I was seven, but‚Äî",1437416143757750283,josh-wa,0,0,0,0,"[-87.940033, 41.644102]","Chicago, IL",0,179,514,1
129994,2021-09-13T06:41:53+00:00,"Here‚Äôs my dilemma:
My photography focuses and shines a light on Black joy. In America. Not in another country. No one having to do something spectacular. Just us living. No landscape. Nothing shiny and new that everyone wants. So will I give up? No. Does it take work. Fuck yes.",1437305517488189443,BrittanyPierre.eth,1,2,20,0,"[-87.940033, 41.644102]","Chicago, IL",0,5300,2741,1
130284,2021-09-13T04:55:17+00:00,"Follow the joy, cause this is it.",1437278687112699906,Pattrick Stanton,0,0,1,0,"[-87.940033, 41.644102]","Chicago, IL",0,1378,1370,1
133530,2021-09-13T00:54:16+00:00,queer joy is the only thing that matters to me,1437218036684140546,aidan | blm,0,0,2,0,"[-87.940033, 41.644102]","Chicago, IL",0,897,660,1
135708,2021-09-14T22:07:00+00:00,"RIP to the best hamster anyone could ever want. We‚Äôll miss you, little Rizzo. Thank you for all the joy you brought to us. You‚Äôll always be my fluffbutt. https://t.co/0s8ATy5udo",1437900718304808963,Steve Anderson,0,1,9,0,"[-87.9691933, 41.8477693]","Elmhurst, IL",0,600,497,1
139310,2021-09-14T15:30:17+00:00,"@JMCwrites @AlgonquinYR ü•∞ü•∞ü•∞ thanks so much, Joy! I'll try and get an arc your way!",1437800881521627147,Nicole Melleby,0,0,0,0,"[-87.940033, 41.644102]","Chicago, IL",0,1974,791,1
139774,2021-09-14T14:36:40+00:00,Nicki really tried to turn the heat off from her dumb a** STD tweet by going after Joy Ann Reid.  Not one lie was told in this clip https://t.co/Ws4O8HKgtb,1437787385530552339,RoGina,0,0,2,0,"[-87.940033, 41.644102]","Chicago, IL",0,1888,2193,1
140227,2021-09-14T13:51:25+00:00,"Had to watch it again this morning because it felt so dang good to start the day that way.  Congrats to @WWEBigE on the hella deserved GOLD!  Always impressive, always full of joy, one of the absolute best.  üíú
#BlackWrestlingDraws",1437775997877764108,val capone: she/her,0,0,15,0,"[-87.940033, 41.644102]","Chicago, IL",['BlackWrestlingDraws'],2748,2795,1
140755,2021-09-14T12:39:42+00:00,"He tries not to spoil them but true know when they come to his house they get anything they want. 
These stories of joy and life in Black america are what I want to capture.",1437757952463708161,BrittanyPierre.eth,0,1,9,0,"[-87.940033, 41.644102]","Chicago, IL",0,5300,2741,1
140758,2021-09-14T12:38:48+00:00,"I saw this family playing this giant connect 4 game and I had to run over and ask the Grandfather -
‚ÄúWhat brings you joy?‚Äù

He stopped playing, went to stand by his grandchildren, had the biggest smile on his face and told me how his grandchildren /1

https://t.co/AROGELbcmM https://t.co/AtHBCWTuxI",1437757724100644874,BrittanyPierre.eth,3,8,39,1,"[-87.940033, 41.644102]","Chicago, IL",0,5300,2741,1
141871,2021-09-14T04:28:33+00:00,"@blocknoob_ @DopplerJess How do I compete with Black joy vs landscape or storm chasers? You know Black joy is hard to sell. People see more value in inanimate objects than Black joy. Also, not trying to argue. The weed is kicking in. lol.",1437634351055917067,BrittanyPierre.eth,2,0,2,0,"[-87.940033, 41.644102]","Chicago, IL",0,5300,2741,1
142665,2021-09-14T03:18:00+00:00,Honestly? Few things bring me more joy than How Hermes Requisitioned His Groove Back.,1437616596038688769,John Halloran,2,0,3,0,"[-87.940033, 41.644102]","Chicago, IL",0,2455,4678,1
143686,2021-09-14T01:43:10+00:00,"I will be forever grateful for the opportunity to assist with these missions. @SashaJDC thank you for the support. This was truly personal for me, giving comfort and empathy to folks the same way some crew members brought joy to me and my fam during our journey 33 years ago. https://t.co/ZRzjF84ngd",1437592727496056834,Artemis Bayandor (she/her),1,0,10,1,"[-87.940033, 41.644102]","Chicago, IL",0,617,977,1
143689,2021-09-14T01:42:54+00:00,@SykesCharlie She better not come for Joy!,1437592663407144960,Matty Speth‚öò,0,1,7,0,"[-87.733451, 42.0191507]","Evanston, IL",0,172,614,1
145324,2021-09-15T23:12:38+00:00,Love your hair tonight Joy!,1438279621305409544,Beverly Kelley,0,0,0,0,"[-87.940033, 41.644102]","Chicago, IL",0,45,147,1
145804,2021-09-15T22:17:37+00:00,@stoolpresidente the joy I get when a notification comes up with your latest pizza review is immeasurable. üçïThe Bible. #onebiteyouknowtherules,1438265777568849920,Benjamin Henning,0,0,0,0,"[-87.8041444, 41.821108]","Berwyn, IL",['onebiteyouknowtherules'],389,457,1
147067,2021-09-15T19:50:08+00:00,City dey give me joy ‚ù§Ô∏èüòÇ,1438228663120666627,Turbo üòà,0,0,0,0,"[-87.940033, 41.644102]","Chicago, IL",0,510,457,1
148640,2021-09-15T17:00:51+00:00,@emmettdoog Good Morning cutie Emmett! You bring me joy! You are sooooo cute!!!! Treats!!!!!‚ù§Ô∏è‚ù§Ô∏è‚ù§Ô∏è,1438186059486146570,judy prebell,0,0,0,0,"[-87.940033, 41.644102]","Chicago, IL",0,37,441,1
150327,2021-09-15T13:57:44+00:00,THE JOY. THE MELANIN. https://t.co/mhTGeSJrps,1438139977393745921,mees tortor üî™,1,1,23,0,"[-87.940033, 41.644102]","Chicago, IL",0,8221,776,1
150757,2021-09-15T13:04:14+00:00,Airpods work on Nintendo Switch now. I could cry tears of joy üò≠üò≠üò≠üôåüèæüôåüèæüôåüèæ,1438126513560371206,iRedman,3,1,7,0,"[-87.940033, 41.644102]","Chicago, IL",0,1676,1275,1
151591,2021-09-15T07:30:10+00:00,"These days, it‚Äôs very important to find joy wherever you can. My joy lately comes from Bobby Flay losing on ‚ÄòBeat Bobby Flay‚Äô. https://t.co/4bWF8LZxyB",1438042443757334530,Ben F. Silverio,0,0,1,0,"[-87.940033, 41.644102]","Chicago, IL",0,569,1730,1
151967,2021-09-15T05:14:11+00:00,"I‚Äôve taken many photos in my life that capture true joy, and for that I‚Äôm extremely fortunate‚Ä¶

But this? This‚Ä¶ is something more. 

I can only count on one hand the no. of times my expression of this was captured on film‚Ä¶

My god, love is fantastic. 

@H_for_hosein https://t.co/X5I3EWYY1J",1438008220451229701,posthuman postma‚Äôam,1,0,6,0,"[-87.940033, 41.644102]","Chicago, IL",0,88,447,1
152052,2021-09-15T04:57:51+00:00,"Before I go to bed I‚Äôd like to remind you guys of my Fac//es collection on .@opensea 
.175-.25 $eth 
My purpose in these photos is to show Black joy in an organic way. Please continue reading. 
#OpenSeaNFT 
https://t.co/EVHAg5IdiU https://t.co/a7R78hrbq2",1438004112461910016,BrittanyPierre.eth,1,13,28,1,"[-87.940033, 41.644102]","Chicago, IL",['OpenSeaNFT'],5300,2741,1
153340,2021-09-15T02:40:22+00:00,Just posted a photo @ Joy District https://t.co/jJpCxBL780,1437969511810994178,Dustin Sheridan,0,0,0,0,"[-87.6318, 41.89026]","Chicago, IL",0,1564,1466,1
155601,2021-09-16T23:18:39+00:00,Congratulations @AmyRamirezWV on your new bundle of joy!! üíï https://t.co/QeGcDakCH3,1438643522022875136,Maria Jimenez,1,0,2,0,"[-87.940033, 41.644102]","Chicago, IL",0,1317,661,1
157258,2021-09-16T20:33:40+00:00,"@dairdairbinks @mcecreations Pink like the hole that grips 
Pink like the joy you‚Äôll emit",1438602003282857990,JPinThe773 üçÅ#BLM üè≥Ô∏è‚Äçüåà,1,0,1,0,"[-87.940033, 41.644102]","Chicago, IL",0,4372,4989,1
158154,2021-09-16T19:01:13+00:00,@valcapone I wish I could *fund myself more joy in my life.. but alas...,1438578739189800968,Hey! üåπüè≥Ô∏è‚Äçüåà,0,0,1,0,"[-87.940033, 41.644102]","Chicago, IL",0,164,781,1
159065,2021-09-16T17:30:17+00:00,*FIND a slice of joy...even in all my typos forever &amp; always.  ü§¶üèº‚Äç‚ôÄÔ∏èüíÅüèº‚Äç‚ôÄÔ∏èüòá,1438555853292965893,val capone: she/her,1,0,3,0,"[-87.940033, 41.644102]","Chicago, IL",0,2748,2795,1
159105,2021-09-16T17:28:17+00:00,A day late but Happy Roberto Clemente Day! It gives me joy to see MLB recognizing the achievements both on &amp; off the field of my favorite baseball player of all time! This is a mural I found in Chicago‚Äôs West Town neighborhood. ¬°Viva Clemente! ‚öæÔ∏èüáµüá∑2Ô∏è‚É£1Ô∏è‚É£ #ClementeDay #Retire21 https://t.co/K5EXzdDxQd,1438555349372579842,RAL Graphic Designs,0,0,2,0,"[-87.68655591552522, 41.90272195466767]",Roberto Clemente Community Academy,"['ClementeDay', 'Retire21']",459,2797,1
159202,2021-09-16T17:20:32+00:00,"Needed this today, perhaps you do too?

Hang in there everyone, fund a slice of joy wherever &amp; whenever you can.  üíú

https://t.co/HFSAYSNBk5",1438553402422726658,val capone: she/her,2,0,5,0,"[-87.940033, 41.644102]","Chicago, IL",0,2748,2795,1
161865,2021-09-16T11:39:50+00:00,"Lord Jesus, closeness to You brings us peace and joy. We thank You for the gift of our family and friends. May nothing keep us from following You with all of our hearts, minds and strength.",1438467660099039240,brcampmin,0,0,1,0,"[-87.798798, 41.68331]","Oak Lawn, IL",0,156,188,1
163744,2021-09-16T02:42:32+00:00,I love hearing kids laugh &amp; talk it jus brings a lil joy until they get a lil older like after 4 &amp; don‚Äôt kno how to shut tha up,1438332444265099268,Splash Huxtable,0,1,1,0,"[-87.940033, 41.644102]","Chicago, IL",0,710,817,1
164434,2021-09-16T01:40:26+00:00,@thrasherxy this joy you describe is one of the best feelings ü•∞,1438316818674995201,"Kathryn Macapagal, PhD ‚ú®",0,0,3,0,"[-87.805698, 41.8650062]","Oak Park, IL",0,1668,1402,1
165302,2021-09-16T00:25:38+00:00,Joy Giver‚ù§Ô∏èüí™ https://t.co/TY90BI0cV1,1438297994978340873,Ola omo mummy,1,0,8,0,"[-87.940033, 41.644102]","Chicago, IL",0,361,81,1
167385,2021-09-17T20:37:16+00:00,"*Anya Taylor-Joy tries to enter my 50s diner*

Me: *taps sign*

The Sign: NO COLOREDS ALLOWED",1438965296983838731,No Prum November,0,0,0,0,"[-87.940033, 41.644102]","Chicago, IL",0,1819,2512,1
167471,2021-09-17T20:29:54+00:00,"Happiness doesn't have to be aspirational! Whewwww that's a word! 

I'm finally embracing my happiness n joy as my God given birthright. Radical black JOY is inherent as a human need n not some special trinket you get after you rise high enough to some socioeconomic ladder or",1438963445907562497,49Lifestyle - My Way My Brand,1,0,0,0,"[-87.940033, 41.644102]","Chicago, IL",0,196,984,1
167473,2021-09-17T20:29:39+00:00,"*while dating Anya Taylor-Joy*

I'm not racist. My gf is a POC.",1438963381772472325,No Prum November,1,0,3,0,"[-87.940033, 41.644102]","Chicago, IL",0,1819,2512,1
168335,2021-09-17T18:58:27+00:00,It‚Äôs Inauguration Day here at @illinoistech and the excitement and joy is palpable https://t.co/0rTbN41B3J,1438940431606292485,courtney spence,0,1,5,0,"[-87.940033, 41.644102]","Chicago, IL",0,1263,1641,1
171686,2021-09-17T13:23:07+00:00,"Happy Friyay! Sending üßÄüßÄüßÄ* your way and encouragement to send some üßÄüßÄüßÄ to others today, tomorrow, and forever. Tiny joy makes a difference and is always win-win'y. (If you have extra üßÄ to send, the day before #fearexperiment, I could use all the üßÄ . ü§™ü§™ü§™.) #lifeofyes https://t.co/FzVhmiZ9Dy",1438856041329012738,Saya Hillman,0,0,0,0,"[-87.940033, 41.644102]","Chicago, IL","['fearexperiment', 'lifeofyes']",2974,478,1
175521,2021-09-17T01:12:11+00:00,Baby momma abt to give birth I‚Äôm super excited we can‚Äôt wait for our bundle of joy https://t.co/AL2WRzH1MP,1438672096721244160,IT‚ÄôS_PENNYWISEüéà,0,0,1,0,"[-87.940033, 41.644102]","Chicago, IL",0,947,2441,1
177655,2021-09-18T21:35:36+00:00,Does this email spark joy? Can‚Äôt say that I ever received such an email in my former Department. https://t.co/VTHimHF3RJ,1439342366754758663,George Cybulski,0,0,1,0,"[-87.834577, 41.879203]","River Forest, IL",0,7060,7558,1
180330,2021-09-18T17:35:45+00:00,"Saturday We Outside All Day ! 

- Joy District 4pm
- Per‚Ä¢So‚Ä¢Na 9pm
- Promontory 11pm
- The Loft 1am 

#MHC üé´ Pull Up üî•",1439282007922593795,#TheMileHighClub,2,2,7,0,"[-87.940033, 41.644102]","Chicago, IL",['MHC'],4081,840,1
180471,2021-09-18T17:21:18+00:00,16 yr old me was crying tears of joy ü•≤,1439278370009853954,jackie,0,0,0,0,"[-87.940033, 41.644102]","Chicago, IL",0,1187,1961,1
181367,2021-09-18T15:52:23+00:00,It‚Äôs been a true joy to watch a band like Beach Bunny go from being super excited to play a venue like The Empty Bottle to headlining one of the Riot Fest stages. And even more of a joy to see their fan base expand so dramatically over a few short years!,1439255992949170177,Tankboy,1,0,7,0,"[-87.940033, 41.644102]","Chicago, IL",0,3891,2456,1
181605,2021-09-18T15:25:10+00:00,"Yesterday, the hosts of ""Chicago: Queer &amp; Now‚Äù @byadamrhodes and @itstarynallen joined me to look at a lil bit of news from the week. Plus, they share some stories of queer joy in the city. https://t.co/5Vs4zhiguO https://t.co/4UijIk87jc",1439249143801729030,Jacoby Cochran,2,2,10,0,"[-87.940033, 41.644102]","Chicago, IL",0,1175,872,1
181911,2021-09-18T14:50:59+00:00,"@GhanaboyPharmd Nope.  CPD gave me a joy ride, in the back of a squad, for 5 hours, with bags of red catheter blood.  Paddy wagon, joy ride, too.  I asked rookies to slow down, at bumps, they sped up instead, to fuck with me.  I didn't have my rx fentanyl patch üò¢ prescribed for pain, and filled",1439240542261596170,Darren Hill 7Ô∏è‚É£7Ô∏è‚É£‚úäüèºüå∏,0,0,2,0,"[-87.940033, 41.644102]","Chicago, IL",0,667,2016,1
182101,2021-09-18T14:32:11+00:00,Tempted to grumble while doing housework. Heard the prayer of my pastors rejoicing in housework. Now there‚Äôs joy! #praytogether,1439235812223242250,Catherine Skarr,0,0,0,0,"[-87.940033, 41.644102]","Chicago, IL",['praytogether'],56,56,1
184789,2021-09-18T03:21:20+00:00,These Halloween displays brings me so much joy. Never thought I‚Äôd see two of my books displayed like this. üò≠üò±ü•∞ https://t.co/jISW2tyIb1,1439066984684134408,Lindsay Currie,3,1,68,0,"[-87.940033, 41.644102]","Chicago, IL",0,12032,4836,1
186795,2021-09-18T00:10:57+00:00,"Project Rat here; lived #DatFrugalLife
Worked 50+ weeks during Law School (not encouraged)
Shopped discount racks
Forewent many vacations/club nights/weddings/basic fun &amp; joy
SLEEP DEPRIVATION
Consolidated school debt before 2005 #BAPCPA; went right into repayment.
List.Goes.On. https://t.co/0SyNJkJHaJ",1439019075670269956,King of The Nuggets üôà,0,0,0,0,"[-87.940033, 41.644102]","Chicago, IL","['DatFrugalLife', 'BAPCPA']",565,962,1
189375,2021-09-19T20:02:55+00:00,"You‚Äôre the Pride and Joy of Illinois, @ChicagoBears Bear Down!!! https://t.co/p7RylbGij7",1439681431115026433,Majadi Rodney Perry,0,0,0,0,"[-87.66956, 41.629776]","Riverdale, IL",0,153,511,1
189518,2021-09-19T19:53:40+00:00,emmy winning actress anya taylor joy speaking it into existence,1439679102936571911,micky,0,0,2,0,"[-87.940033, 41.644102]","Chicago, IL",0,1247,471,1
190761,2021-09-19T18:42:03+00:00,"Block party neighbor joy! @ Oak Park, Illinois https://t.co/ZqzEoFLHzV",1439661077202042881,PKEriksson,0,0,0,0,"[-87.7903, 41.886]","Oak Park, IL",0,303,1596,1
192545,2021-09-19T16:43:33+00:00,I can‚Äôt express the amount of joy it is to be able to see all these artists here at @RiotFest. üñ§ü§òüèª https://t.co/aSmumkj11H,1439631257302970374,Chris Venegas-Kalle,0,0,1,0,"[-87.940033, 41.644102]","Chicago, IL",0,916,936,1
193046,2021-09-19T16:04:41+00:00,"O the joy to see Thee reigning,
Thee my own beloved Lord;
Every tongue Thy name confessing,
Worship, honour, glory, blessing,
Brought to Thee with one accord.

‚è§ Frances Ridley Havergal #CSLI",1439621476265627653,C.S. Lewis Institute,0,1,4,0,"[-87.940033, 41.644102]","Chicago, IL",['CSLI'],5170,497,1
193759,2021-09-19T15:03:41+00:00,"Note that it's not the fact that these chuds are now dying by a disproportionate amount that freaks them out, its the idea that The Libs take joy in chuds dying out https://t.co/qC7Wq7lebK",1439606124966203397,prum,13,28,381,0,"[-87.940033, 41.644102]","Chicago, IL",0,37003,5251,1
194318,2021-09-19T14:08:22+00:00,@tonipayne My Fac//es collection is perfect for you! Half of all sales go to .@GKMC18. A youth led organization fighting for change in Black and brown communities in Chicago. Film photography developed and scanned by me! Black joy on display! https://t.co/YiBd9Ktdfm https://t.co/yyXxY6Nsog,1439592202770993162,BrittanyPierre.eth,0,1,4,0,"[-87.940033, 41.644102]","Chicago, IL",0,5301,2741,1
195511,2021-09-19T07:13:14+00:00,@alaw312 üî•üî• I‚Äôm at Joy for Apollo Xo,1439487731172880385,Travis Wacker,0,0,2,0,"[-87.940033, 41.644102]","Chicago, IL",0,1411,1189,1
195684,2021-09-19T06:23:54+00:00,.@imwithapollo has Joy District shaking right now,1439475316553027584,Travis Wacker,1,1,1,0,"[-87.940033, 41.644102]","Chicago, IL",0,1411,1189,1
196296,2021-09-19T04:11:11+00:00,@KennyHoopla I‚Äôm heading to Joy District at 12,1439441917788442627,Travis Wacker,0,0,0,0,"[-87.940033, 41.644102]","Chicago, IL",0,1411,1189,1
196345,2021-09-19T04:05:11+00:00,Unspeakable joy https://t.co/yEmuAtLwRz,1439440407268675584,Kacy Standohar,0,0,5,0,"[-87.87245035171509, 41.980732377962035]",The Ballpark at Rosemont,0,1326,2927,1
198723,2021-09-20T23:34:59+00:00,@BelleStruts Joy Reid,1440097184951808000,scot solomon #TrumpGotDumped2020 ‚ú°Ô∏èüè≥Ô∏è‚Äçüåàüíá‚Äç‚ôÄÔ∏è,1,0,2,0,"[-87.940033, 41.644102]","Chicago, IL",0,214,298,1
203527,2021-09-20T15:02:35+00:00,@Ben__Hutchison @ChrisCasquejo My family and I find joy in the Lions decades-old decent into mediocrity. Let us feast on Ls,1439968235303145479,Jeremy Ross,0,0,1,0,"[-87.940033, 41.644102]","Chicago, IL",0,5937,3387,1
203769,2021-09-20T14:37:38+00:00,It‚Äôs the joy. It‚Äôs the little things and then the big blessings https://t.co/YfQjhQFHVh,1439961958984323082,Narsis_Elan,0,0,0,0,"[-87.940033, 41.644102]","Chicago, IL",0,10,148,1
204454,2021-09-20T13:12:43+00:00,RIP we losing too many of our joy makers literally just watched I got the Hook Up the other day. https://t.co/ZM3SA8Ts4n,1439940586228920321,Rodney Perry - Create w/ Life as King,2,2,3,0,"[-87.940033, 41.644102]","Chicago, IL",0,1522,1195,1
206249,2021-09-20T03:42:40+00:00,A last minute Target run just to buy boardgames. Now that brings me joy https://t.co/jyLEMedhtt,1439797128671399943,Alex,0,0,0,0,"[-87.7790301, 41.82158]","Cicero, IL",0,115,275,1
206594,2021-09-20T03:17:40+00:00,"#LandanTwins x #SuttonPlaceCrew x #Joy x @netflix x @ikebarinholtz x @jonnybarin x @davidstassen x @mindykaling x @hayze_days x @scottwmacarthur x @alilarter = #ChiPartyAuntüôèüèª! - #XOJL, @landantwin x #JeffreyüòÇ! https://t.co/1cY1MsDOi2",1439790838410792960,Jon Landan,0,0,4,0,"[-87.632496, 41.883222]","Chicago, IL","['LandanTwins', 'SuttonPlaceCrew', 'Joy', 'ChiPartyAunt', 'XOJL', 'Jeffrey']",1627,922,1
207331,2021-09-20T02:18:05+00:00,Kinnnnnnda excited for post #Zouk #bubble #tea. Shout out to the homie @oanapatran for braving the lines with me ‚ô•Ô∏èüßãüáßüá∑üßãüá®üá≥ #Chinatown #Chicago #MidAutumnFestival @ Joy Yee Noodles https://t.co/RijAIPHmKd,1439775845376159750,Just Jacob,0,0,0,0,"[-87.63391, 41.85412]","Chicago, IL","['Zouk', 'bubble', 'tea', 'Chinatown', 'Chicago', 'MidAutumnFestival']",232,379,1
207595,2021-09-20T01:57:28+00:00,If Matt Corral gets to go to Denver with those weapons I will cry tears of joy https://t.co/DfVXkcrzXz,1439770654522454018,Anand Nanduri ‚ÜóÔ∏è,2,0,2,0,"[-87.940033, 41.644102]","Chicago, IL",0,5352,4593,1
208487,2021-09-20T00:33:36+00:00,walking the target halloween display aisles brings me so much joy üòå,1439749550944698371,austin,0,0,3,0,"[-87.940033, 41.644102]","Chicago, IL",0,712,244,1
211139,2021-09-21T19:56:15+00:00,This making the rounds today fills me with joy. Especially cause of my view that day ü§™ https://t.co/N2uznp78D8 https://t.co/IvDwqxaKwI,1440404528583479308,jsiebs,0,0,3,0,"[-87.940033, 41.644102]","Chicago, IL",0,295,1334,1
211554,2021-09-21T19:11:29+00:00,@Ironman3319 Hell yea!! Being a #girldad is my greatest joy  girl dad proud!!!,1440393262599065604,BiGGMiKe,1,0,1,0,"[-87.940033, 41.644102]","Chicago, IL",['girldad'],459,907,1
213076,2021-09-21T16:24:52+00:00,@lizzywol so why don‚Äôt you just get in a relationship with the first dude you meet in the street? your impossible filtering is ruining the thrill and joy of meeting people in the wild üôÑ,1440351331265351681,wolverine//mo üè≥Ô∏è‚Äçüåà,0,0,15,0,"[-87.940033, 41.644102]","Chicago, IL",0,4113,774,1
213486,2021-09-21T15:32:46+00:00,It‚Äôs official. #fall #September21 #spookyseason #libra #joy #TikTok #countylineorchard https://t.co/G2MvE4W0Je,1440338218486931476,Lauren Welke (she/her),0,0,0,0,"[-87.940033, 41.644102]","Chicago, IL","['fall', 'September21', 'spookyseason', 'libra', 'joy', 'TikTok', 'countylineorchard']",326,933,1
213871,2021-09-21T14:46:12+00:00,I don‚Äôt know if I deserve the joy that is coming for us all tonight but I shall try to accept it with grace https://t.co/ALWpZnSlsi,1440326502319489032,üåå Sarah Shockey üåå,3,1,9,0,"[-87.940033, 41.644102]","Chicago, IL",0,10443,3310,1
214617,2021-09-21T12:57:50+00:00,Sometimes the simple things in life bring the most joy. ‚ú®,1440299227930787841,Ivan‚ú®Vega,0,0,1,0,"[-87.940033, 41.644102]","Chicago, IL",0,1735,1586,1
215867,2021-09-21T04:19:31+00:00,"Was gifted a tour guide of the kindest, funniest, burner kind this weekend. @TrevorHughes shared with me the joy of #leafpeeping through the #aspens #pinetrees #ghosttowns #mountains of #colorado. Heart healing and reconnecting one outdoor adventure at a time! #Hugsx12 üíó https://t.co/UEj3zbAq28",1440168792944832513,"Kelly Page, Ph.D",0,0,2,0,"[-87.940033, 41.644102]","Chicago, IL","['leafpeeping', 'aspens', 'pinetrees', 'ghosttowns', 'mountains', 'colorado', 'Hugsx12']",2825,3879,1
217993,2021-09-21T00:56:42+00:00,"Count It All Joy!
@simongordon1",1440117750106558468,Triedstone Church of Chicago,0,0,0,0,"[-87.658155, 41.70466482639313]",Triedstone Full Gospel Baptist Church,0,383,19,1
218404,2021-09-21T00:22:03+00:00,"#SundaysOnState met and exceeded our three primary goals: 

1) Accelerate the economic recovery
2) Unite the community 
3) Create joy

Read more: https://t.co/E8indPgft5",1440109030374981632,The Chicago Loop,1,1,3,0,"[-87.940033, 41.644102]","Chicago, IL",['SundaysOnState'],7257,858,1
222031,2021-09-22T18:04:32+00:00,"4 left of The//Door
This was taken a couple days after I was released from the hospital because of a failed suic*de attempt. I never really know when that dark place will hit again. this reminds me to keep the door of hope and joy open. https://t.co/bKzRRzOSqM

#OpenSeaNFT https://t.co/lxxwZM3RUv",1440738800829751298,BrittanyPierre.eth,0,10,14,1,"[-87.940033, 41.644102]","Chicago, IL",['OpenSeaNFT'],5300,2741,1
223601,2021-09-22T15:17:55+00:00,I was going to Denver to try and get landscape shots. But I don‚Äôt even want to anymore. I‚Äôm not a landscape photographer. I‚Äôm a Black joy archivist. Lemme use them tickets for something else.,1440696870578245650,BrittanyPierre.eth,1,0,15,0,"[-87.940033, 41.644102]","Chicago, IL",0,5300,2741,1
224977,2021-09-22T11:37:52+00:00,"Lord Jesus, You are true goodness and life. You bring us peace and joy. Grant us Your grace that we may become faithful apostles of Your kingdom.",1440641492280758274,brcampmin,0,0,0,0,"[-87.798798, 41.68331]","Oak Lawn, IL",0,156,188,1
225948,2021-09-22T04:10:53+00:00,"@imarubbertoe I‚Äôve been working. I days and nights dedicated to spaces, on boarding Black women and men, learning about defi and cefi. Going out for hours taking photos that show humanity and joy in the Black community. Answering upwards of 100 dms from Black creators trying to learn.",1440529005078204425,BrittanyPierre.eth,1,0,3,0,"[-87.940033, 41.644102]","Chicago, IL",0,5300,2741,1
226508,2021-09-22T02:57:57+00:00,"Dropping this plus a few more in the Fac//es collection.  When I asked this young man what brings him joy he said, ‚ÄúPlaying the drums in the drum circle with my family. It makes me happy that we are together making music.‚Äù
#OpenSeaNFT https://t.co/3PXRb9OTPz",1440510653987385349,BrittanyPierre.eth,1,4,17,0,"[-87.940033, 41.644102]","Chicago, IL",['OpenSeaNFT'],5300,2741,1
227323,2021-09-22T01:33:42+00:00,The sick joy I get scrolling through Amazon‚Äôs top customer picks ads like I truly want to vomit,1440489449444442115,Rainn is Writing üßê,1,0,0,0,"[-87.940033, 41.644102]","Chicago, IL",0,499,2348,1
228397,2021-09-23T23:52:41+00:00,Bruh. Only real pussy eaters know the joy of this and the view. Heaven sent tbh https://t.co/GBYWwkpMA2,1441188805847834627,#Mamba4Life,0,0,0,0,"[-87.709565, 41.630338]","Blue Island, IL",0,5167,3841,1
229284,2021-09-23T22:27:06+00:00,Baby screaming on the plane I‚Äôm on. Clearly division clinching tears of joy.,1441167267560050691,Sam Mendelson,1,0,21,0,"[-87.940033, 41.644102]","Chicago, IL",0,1116,566,1
229659,2021-09-23T21:52:58+00:00,"Bring on Saturday! We are looking forward to an Operation Joy outreach with our friends at @CFBONFOX for student-veterans from Notre Dame! 

#3andGVeterans https://t.co/jzym5ETxEd",1441158676698464262,3rd & Goal Foundation,2,3,41,1,"[-87.940033, 41.644102]","Chicago, IL",['3andGVeterans'],467,18,1
231757,2021-09-23T18:38:52+00:00,Eloy rarely pulls the ball like this... that being said it would be a joy to watch him in a home run derby one day https://t.co/UQLkGFN0ew,1441109830173802499,Dzikhead,0,0,2,0,"[-87.940033, 41.644102]","Chicago, IL",0,1490,732,1
235500,2021-09-23T11:39:53+00:00,"Lord Jesus, make us a channel of Your grace that others may find life in You. Help us to joyfully pursue the things of Your kingdom. May we be a witness to the joy of the gospel in all that we do.",1441004389846724608,brcampmin,0,1,5,0,"[-87.798798, 41.68331]","Oak Lawn, IL",0,156,188,1
236290,2021-09-23T04:52:53+00:00,@TheLaLaMarie Joy or mist in your face?,1440901964762685441,jason grey,1,0,0,0,"[-87.940033, 41.644102]","Chicago, IL",0,713,387,1
239325,2021-09-24T23:48:26+00:00,Do the families suing Marvel for the copyrights want to get fairly compensated or just rob the world of joy? I‚Äôm honestly confused as to what the Endgame is here‚Ä¶,1441550122047836169,theCopperKid,3,0,2,0,"[-87.940033, 41.644102]","Chicago, IL",0,317,534,1
239371,2021-09-24T23:43:56+00:00,This has been sparking joy since yesterday https://t.co/Y3OCalZ8Hk,1441548989246046218,Em Rez,0,0,2,0,"[-87.940033, 41.644102]","Chicago, IL",0,120,522,1
239596,2021-09-24T23:21:20+00:00,#NewProfilePic only tweeting this to tell u all to look at my header. Look. Experiencing so much joy in this https://t.co/iHUBlIv8IY,1441543302281576450,martha may whovier? üò©üéÑ‚ù§Ô∏è,1,1,16,0,"[-87.940033, 41.644102]","Chicago, IL",['NewProfilePic'],434,524,1
239610,2021-09-24T23:19:52+00:00,ever been so mentally unwell that the only thing that brings you joy is spending $30 for a pok√© bowl to be delivered to you?,1441542932612403207,ùê¶ùêûùê• ùêÆùê° ùê§ùêßùêûùêû,17,0,32,0,"[-87.940033, 41.644102]","Chicago, IL",0,2656,3281,1
239780,2021-09-24T23:01:41+00:00,@debbieACSW @wokeinpa Joy Reid is covering it now kind of,1441538358254227459,Patricia Yamane,1,0,2,0,"[-87.940033, 41.644102]","Chicago, IL",0,30914,31815,1
241780,2021-09-24T19:25:59+00:00,"Choose love, choose joy, choose you!",1441484072782647298,Charles Allen,0,0,5,0,"[-87.940033, 41.644102]","Chicago, IL",0,2013,4986,1
243048,2021-09-24T17:12:27+00:00,Voices that bring us so much joy and laughter!  What a morning here at Wrigley @JimDeshaies @BoogSciambi @Dempster46 @CoomsCorner8 @WatchMarquee üíôüíôüíôüíô https://t.co/VMBNPmXat8,1441450470581563400,@dalbybiehlmusic,0,0,4,0,"[-87.940033, 41.644102]","Chicago, IL",0,144,214,1
244315,2021-09-24T15:10:37+00:00,"What makes YOU happy?  Today, the friends in @ecwithmrswalton‚Äôs preschool class wrote a book about what brings us joy!  @KomenskyLions @SouthBerwynPre https://t.co/BiFjCa7nyD",1441419808717737992,Sadie Walton,0,0,6,1,"[-87.8041444, 41.821108]","Berwyn, IL",0,109,182,1
245025,2021-09-24T13:48:25+00:00,First day of morning Pickleball club and these 5th graders rocked it! Love starting my day surrounded by so much energy and joy! https://t.co/iAj6V0ZSj3,1441399122179747855,Samantha Meza,0,3,14,0,"[-87.85089171735035, 42.01507560314249]",George B. Carpenter Elementary School,0,243,214,1
245335,2021-09-24T13:07:50+00:00,"@KimeeBe That was some beautiful singing.

Good morning Kim. I hope you have a lovely day beautiful. Never let anyone take your smile and joy away. I hope you have a wonderful Friday. Take care, stay safe, stay positive, stay blessed and stay amazing gorgeous üåπ",1441388908470628357,BigRob1987,0,0,0,0,"[-87.940033, 41.644102]","Chicago, IL",0,9171,8906,1
245380,2021-09-24T13:01:21+00:00,@MaestraOlivia Joy is sometimes sparked in the most unusual of places ü¶Ñüßöüêâ,1441387279642095630,Delia Cosentino üëÅ,0,0,1,0,"[-87.940033, 41.644102]","Chicago, IL",0,431,555,1
251221,2021-09-25T20:44:20+00:00,"A true joy to chat about advocacy at any stage in your career with @atychen! 
-ok to not advocate about everything; focus where you have impact and alignment 
-work in a team! 
-don‚Äôt discount the value of your voice on all things health 
#WIMStrongerTogether https://t.co/o58sS44MID",1441866180378054656,Vinny Arora MD MAPP,2,13,40,0,"[-87.940033, 41.644102]","Chicago, IL",['WIMStrongerTogether'],41710,7388,1
251307,2021-09-25T20:35:32+00:00,"Smiles like these are exactly what Operation Joy is all about! 

Our student-veterans in Chicago are taking a BIG WIN back with them to South Bend!

#3andGVeterans https://t.co/RJ9URhlBI1",1441863965592719375,3rd & Goal Foundation,1,7,39,0,"[-87.940033, 41.644102]","Chicago, IL",['3andGVeterans'],467,18,1
253575,2021-09-25T17:04:36+00:00,"@joyJimmyChoo I‚Äôm already knowing! Big boss Joy, Thank youuu üôåüèø‚ù§Ô∏è",1441810880690262020,1 OF 1,0,0,1,0,"[-87.940033, 41.644102]","Chicago, IL",0,1942,485,1
255318,2021-09-25T14:22:22+00:00,"Not only was this my first featured show, but even I performed EIGHT months pregnant with My Joy.ü§∞üèæ

Don‚Äôt talk to me about barriers until you start getting serious with yourself + about your craft. üë∏üèæ

This was only the beginning‚Ä¶ üé§ 

https://t.co/EVxGQoQhy3 | #SlayTheDream https://t.co/KBxSl3DOJY",1441770054031400965,"Sincerely, Tyra: #SlayTheDream",1,1,1,1,"[-87.940033, 41.644102]","Chicago, IL",['SlayTheDream'],1377,4996,1
255624,2021-09-25T13:44:42+00:00,"@KhaParisDior Why would you spend more money to ""anger people on the internet"". Please find joy in other things. Take up painting.",1441760574426128386,Paranoid Negroid,0,1,19,0,"[-87.940033, 41.644102]","Chicago, IL",0,940,1264,1
257229,2021-09-25T04:38:27+00:00,These are great Shots Joy. https://t.co/ypRt4xCW8a,1441623108100792320,#RipRemDog .,1,0,2,0,"[-87.940033, 41.644102]","Chicago, IL",0,869,1211,1
258196,2021-09-25T02:39:19+00:00,I am filled with overwhelming joy whenever the Darmok and Jalad episode comes on syndicated TV. A simple joy. https://t.co/MZ7z3dg13f,1441593127333212160,Brocoluke Casserole,2,0,14,0,"[-87.940033, 41.644102]","Chicago, IL",0,1591,1216,1
260888,2021-09-26T22:21:56+00:00,"‚ÄúEvery time I stand before a beautiful beach, its waves seem to whisper to me: If you choose the simple things and find joy in nature‚Äôs simple treasures, life and living need not be so hard.‚Äù ‚ÄìPsyche Roxas-Mendoza https://t.co/dfMpPBI2eE",1442253127483281415,Amanda,0,0,2,0,"[-87.67017730081305, 42.03051831809811]",Garden Park,0,2908,2190,1
263718,2021-09-26T18:48:48+00:00,Barking Noises for Joy. https://t.co/WCFfOJ65ff,1442199494796496900,#RipRemDog .,1,0,4,0,"[-87.940033, 41.644102]","Chicago, IL",0,869,1211,1
265204,2021-09-26T17:08:57+00:00,@crumbsnmystache This brings nothing but joy,1442174365508849666,TreyLegit,1,0,1,0,"[-87.940033, 41.644102]","Chicago, IL",0,702,356,1
266489,2021-09-26T15:03:13+00:00,"this sparks joy. @ Chicago, Illinois https://t.co/as9U6uEOpT",1442142721284653058,khaleesi,0,0,0,0,"[-87.632496, 41.883222]","Chicago, IL",0,494,433,1
267329,2021-09-26T13:24:39+00:00,@BrianZahnd The Rolling Stones have brought me joy (and Satisfacrion) since I was  flower child. I understand completely.,1442117917701820419,RoseVaxxed3x,0,0,0,0,"[-87.940033, 41.644102]","Chicago, IL",0,969,1949,1
268702,2021-09-26T04:48:06+00:00,Being the ouid mom for my dearest friends brings me so much joy.,1441987923562352641,Tyler McCall,0,0,1,0,"[-87.940033, 41.644102]","Chicago, IL",0,2894,2305,1
269204,2021-09-26T03:40:35+00:00,"Gotta shout out my youngin PJ Bouttolevelup Turner on Daughter's Day. She is and has always been my pride and joy! Love you to life baby girl! No gifts, just a shout out. LOL @ Westchester, Illinois https://t.co/6iOA3NS2CM",1441970931841347584,Ethel Turner,0,0,1,0,"[-87.8836, 41.8539]","Westchester, IL",0,88,204,1
269744,2021-09-26T02:31:00+00:00,taking my joy and shit,1441953421502783493,‚ôøÔ∏è Leftover Lover,0,0,0,0,"[-87.940033, 41.644102]","Chicago, IL",0,117,108,1
270974,2021-09-26T00:16:24+00:00,getting that joy division shirt tattooed on my whole chest,1441919546797924356,rumpelteazer,0,0,3,0,"[-87.940033, 41.644102]","Chicago, IL",0,212,389,1
271003,2021-09-26T00:13:31+00:00,"@LisaRacer2 @sandra_9224 @LevingeJulie @LepapillonBlu @SCPrice5 @Z42Be @AlexaJaar1013 @leslea61 @ColelliCol @izzysick101 @scifibird @SharonRSaunder3 @Y2ktagAdam @21Franchini @FoxyJackieBrown @KarenBarryDavi1 @cpa_girl99 Thankyou Lisa
The political world 
Is downright nasty and 
Very depressing but there is
Beauty and joy in many areas 
Of it.
Bee Happy and Stay Safe 
My friend https://t.co/Hp4hZBTeIE",1441918823209349120,Grant Noland Jr.,1,3,7,0,"[-87.940033, 41.644102]","Chicago, IL",0,25394,26048,1
273813,2021-09-27T19:33:33+00:00,"I am crying tears of joy! R.Kelly is G. U. I. L T. Y!!!! That dis/gusting mf ain‚Äôt ‚Äúbeat those charges‚Äù this time üî•üî•üî•

Abused all those girls and boys + got away with having a child bride right under everyone‚Äôs nose! It‚Äôll always come to light.

K-WORD HIM!",1442573141683830787,‚úø Moan-A-LI$A ‚úø,1,2,5,0,"[-87.940033, 41.644102]","Chicago, IL",0,1705,660,1
277829,2021-09-27T11:36:29+00:00,"Lord Jesus, in You we find all joy and happiness. We believe that You are truth itself. Help us to follow Your example of charity.",1442453084098027521,brcampmin,0,0,0,0,"[-87.798798, 41.68331]","Oak Lawn, IL",0,156,188,1
277839,2021-09-27T11:32:56+00:00,"Things I hate doing: 

Cooking (no air fryer) 
Hand washing dishes 
Cleaning the stove / oven 
Shoveling snow 
Baseboard cleaning 
Folding laundry 

These things bring me zero joy lmao",1442452191176904708,‚úø Moan-A-LI$A ‚úø,1,1,4,0,"[-87.940033, 41.644102]","Chicago, IL",0,1705,660,1
278678,2021-09-27T04:14:17+00:00,"@iamtheDangerKid Still holding out hope that Toronto can sneak that last wild card sport with Boston. Fuck the Yankees, I do not want them to have any joy in their lives. üòÇüòÖüíú",1442341800757252098,üíúMarvelous Matt Knicks üíú,1,0,2,0,"[-87.940033, 41.644102]","Chicago, IL",0,4726,1328,1
282359,2021-09-28T22:23:10+00:00,"A bunch of Joy Thieves including yours truly at the awesomeness that is @COLDWAVES_, also that time @marteeeen let me fuck around on his drums at the new post-punk industrial museum here in Chicago. GO SEE IT, it‚Äôs unbelievable! https://t.co/4PlqlI2tEW",1442978214461194240,Adrian Halo,1,1,17,0,"[-87.6589652, 41.9498364]",Metro Chicago,0,315,631,1
286066,2021-09-28T14:18:11+00:00,"Happy National Son's Day!! My son is an AMAZING,fun loving, and a intelligent kid. He's me and my wife's pride and joy. #DaddysBigBoy #ThatsMyBoy #HeirToTheThrone #Jr #OurSonShine #NationalSonDay https://t.co/mG2vpRyzcX",1442856165130620932,John P. Sivels Sr.,0,0,0,0,"[-87.940033, 41.644102]","Chicago, IL","['DaddysBigBoy', 'ThatsMyBoy', 'HeirToTheThrone', 'Jr', 'OurSonShine', 'NationalSonDay']",2,549,1
288792,2021-09-28T02:28:20+00:00,@ForensicFeline @lance_truong @Levi_Endelman @MariaGoobs @pathologiste08 @WKemp_MT_FPDoc @ChangUCanSpare Wishing you the best! Do something that brings you joy and try your best to relax until the interview invites start rolling in,1442677524451012610,"Nicole R. Jackson, MD, MPH, FASCP (she/her)",1,0,3,0,"[-87.940033, 41.644102]","Chicago, IL",0,3578,3128,1
290212,2021-09-28T00:22:09+00:00,Joy talking that shit boy. Lol. https://t.co/kSgzyEx2H0,1442645772160360455,Andre,2,0,0,0,"[-87.940033, 41.644102]","Chicago, IL",0,540,445,1
297403,2021-09-29T08:43:47+00:00,"In Honor of #NationalSonsDay, Christopher(30) and Joshua(21) are my pride and joy. They make me so proud to be a Dad. I love them so much! ‚ù§ü§¥üèæü§¥üèæ @ Oak Park, Illinois https://t.co/EL94qxrv6A",1443134400837951488,Titus Ballenger,0,0,0,0,"[-87.7903, 41.886]","Oak Park, IL",['NationalSonsDay'],220,1159,1
298800,2021-09-29T02:48:13+00:00,That was a joy to watch. Game 1 victory for #skytown and history made with the triple double! https://t.co/5TGhYUbNqZ,1443044917421518851,Jason A. Lemberg,0,0,0,0,"[-87.940033, 41.644102]","Chicago, IL",['skytown'],767,1050,1
299313,2021-09-29T02:07:48+00:00,"Forget for a moment all the BS on this site, and look at the joy on these two beautiful faces.  This gives me a much needed smile.  Congratulations to this amazing couple! https://t.co/8vonqpTwbm",1443034747257724932,David Basora üáµüá∑üè≥Ô∏è‚Äçüåàüáµüá∑üè≥Ô∏è‚Äçüåà,0,0,0,0,"[-87.940033, 41.644102]","Chicago, IL",0,1439,941,1
299696,2021-09-29T01:34:37+00:00,More joy ‚Ä¶ https://t.co/4gmRsWcAD7,1443026396775858182,Lindsay Currie,1,0,6,0,"[-87.940033, 41.644102]","Chicago, IL",0,12033,4836,1
300646,2021-09-29T00:09:33+00:00,"Thanks for all the joy baby boy. Mama loves you!!! #nationalsonday #rangerdanger #danesrule #greatdanesofinstagram @ Chicago, Illinois https://t.co/VUxkDiSjva",1443004988284882944,Jennifer Bach Hogg,0,0,0,0,"[-87.632496, 41.883222]","Chicago, IL","['nationalsonday', 'rangerdanger', 'danesrule', 'greatdanesofinstagram']",347,221,1
301417,2021-09-30T22:45:07+00:00,@JillFano2 ‚ÄúLove Will Tear Us Apart‚Äù Joy Division,1443708517299408905,Pets Resist Too,0,0,0,0,"[-87.918968, 41.8332198]","Westchester, IL",0,5008,5429,1
304567,2021-09-30T16:36:23+00:00,"The 8th graders were so cute and curious today‚Ä¶ not about my subject matter, but that doesn‚Äôt matter. It was truly a joy to just question and discover with them. üå±üçΩü™¥üßëüèΩ‚Äçüåæ",1443615721133645829,Ms. Corbett,0,0,0,0,"[-87.940033, 41.644102]","Chicago, IL",0,85,128,1
307259,2021-09-30T08:23:54+00:00,Taking and sending people to dinner is great because food is love and joy. I love making someone feel full and happy.,1443491783204352004,JLARK365,0,0,0,0,"[-87.940033, 41.644102]","Chicago, IL",0,471,1123,1
310306,2021-09-30T00:37:56+00:00,"I have modeled so much of my own pod after Sports?, and my vernacular has similarly been influenced in numerous ways.  RIP in the most peace to my favorite pod, and endless thanks to @katienolan and the Union and the KAJ for these years of joy.",1443374519658352644,üè≥Ô∏è‚ÄçüåàChris Dockumüè≥Ô∏è‚Äçüåà,0,0,2,0,"[-87.940033, 41.644102]","Chicago, IL",0,214,131,1
