,date,content,id,user,replyCount,retweetCount,likeCount,quoteCount,coordinates,place,hashtags,followers,friends,ijoy,sentiment_score
2872,2021-11-01T18:07:53+00:00,So I barely have to take the train because my commute doesn‚Äôt work that way. But I‚Äôm about to start jumping on the @cta for joy rides just because. üíôüíõ @chicagosky https://t.co/ANTSo5CZBF,1455235160937467910,Zaida DeGuzman,0,0,5,0,"[-87.940033, 41.644102]","Chicago, IL",,171,217,1,0.74
3475,2021-11-01T16:58:15+00:00,Sekiwe Mahlangu has the sweetest mother. Mama Ndileka is such a joy!,1455217634232971269,Devinity,0,0,0,0,"[-87.940033, 41.644102]","Chicago, IL",,233,181,1,0.62
4296,2021-11-01T15:31:00+00:00,"It brings me no joy to destroy my wife in our matchup this week, but I also didn‚Äôt wanna fall under .500. Sorry not sorry üòÖüò∂‚Äçüå´Ô∏è #NFL #FantasyFootball @YahooFantasy https://t.co/G2PL0BhXKm",1455195676200116228,David Ruiz,0,1,3,0,"[-87.805698, 41.8650062]","Oak Park, IL","['NFL', 'FantasyFootball']",1462,2856,1,-0.14
4862,2021-11-01T14:28:44+00:00,"Chicago ‚úàNYC for #NFTNYC2021 

Meeting FAM IRL for @NFT_NYC &amp; beyond. The Happy Little Hypebeast event w/ @ARTZisArtsy &amp; the Dreamers gonna be off the ‚õì 

The ""Joy of Minting"" is live https://t.co/yDthkPMtEI 
https://t.co/cxw9BDS2Iv https://t.co/HqthaDYkhj",1455180007303753736,J.J. Weinberg,5,3,15,0,"[-87.74228811264038, 41.78763300835753]",Chicago Midway International Airport (MDW),['NFTNYC2021'],1174,1154,1,0.82
5449,2021-11-01T12:53:12+00:00,7:39 am. There‚Äôs still an Almond Joy left down the street. No one wants Almond Joy. https://t.co/WBEQK0StrY,1455155964601114627,Caffeinated and Boosted Carmin,2,0,12,0,"[-87.940033, 41.644102]","Chicago, IL",,1448,4994,1,0.75
6988,2021-11-01T03:17:35+00:00,"Last Night in SoHo was a banger! Incredibly dazzling cinematography and sound mixing, Anya Taylor-Joy stole the show. Truly thrilling. I'm glad movies are becoming good again.",1455011109384097797,MAXVVELLü™ê,0,0,0,0,"[-87.940033, 41.644102]","Chicago, IL",,340,663,1,0.9
7675,2021-11-01T02:08:27+00:00,"The worst Halloween  candy is Bit-O-Honey, this isn‚Äôt even controversial. Second worst is Almond Joy and Mounds, also not controversial.",1454993709309759499,Monocleman1.eth,28,0,45,0,"[-87.8615841, 41.805304]","Brookfield, IL",,5808,5996,1,-0.79
8196,2021-11-01T01:17:41+00:00,"total of 4 events this weekend to bring joy through candy...in some of these childrens eyes I saw the weight of the world....but in the same kids,as well as, others....I saw candy lift the weight for a moment...and that....that moment...made it all worth it",1454980932256022528,Pastor Donovan Price,6,7,61,0,"[-87.940033, 41.644102]","Chicago, IL",,4408,5001,1,0.78
9885,2021-11-02T22:29:38+00:00,@thesageRR3 Pure joy. https://t.co/I998colwzR,1455663419852472326,Alexis,1,0,2,0,"[-87.940033, 41.644102]","Chicago, IL",,1951,895,1,0.59
13345,2021-11-02T15:48:11+00:00,I am blessed to have south facing windows in my apartment. Waking up to these orange and pink sunrises at around 7am every day these past few weeks and just looking at the sky while lying in bed floods me with inner peace and joy. https://t.co/Jr8AgRQnIV,1455562390737719300,Emma GZ R üìçüó∫Ô∏è‚ú®,0,0,5,0,"[-87.940033, 41.644102]","Chicago, IL",,708,503,1,0.83
13998,2021-11-02T14:33:05+00:00,"Seeing Megan win brings me so much joy man. 

She genuinely seems like a good ass person. https://t.co/eUoyssSSlr",1455543489970716680,Kanye Clark-Sheard,1,1,9,0,"[-87.940033, 41.644102]","Chicago, IL",,1592,853,1,0.87
16529,2021-11-02T03:09:35+00:00,ik its weird but the joy i get looking into other peoples windows at night especially when im passing by on a train is unmeasured,1455371484017446914,üëæ,1,0,1,0,"[-87.940033, 41.644102]","Chicago, IL",,11,11,1,0.7
17202,2021-11-02T02:09:04+00:00,"This is a blasphemous claim, Joy! Let‚Äôs set up a time to discuss and test your theory https://t.co/vfWz2UbzwK",1455356252113022979,Juan Legend,0,0,10,0,"[-87.940033, 41.644102]","Chicago, IL",,419,707,1,0.62
18432,2021-11-02T00:37:34+00:00,"It‚Äôs Hard To Express Joy When You Are Frustrated!
@simongordon1",1455333227103674372,Triedstone Church of Chicago,0,0,0,0,"[-87.658155, 41.70466482639313]",Triedstone Full Gospel Baptist Church,,383,19,1,0.0
19968,2021-11-03T22:03:07+00:00,Alrighty! I‚Äôm settled in for the night in Chicago. I‚Äôll head home to Detroit via the Wolverine line (I‚Äôve done this many times) tomorrow at 1 pm. It‚Äôs been a JOY to share this journey with old and new friends. Cheers to more wide-open spaces. @Amtrak see ya soon! https://t.co/pNathMbehf,1456019131560566795,Candice Fortman,2,0,42,0,"[-87.940033, 41.644102]","Chicago, IL",,5054,2947,1,0.93
22140,2021-11-03T17:49:55+00:00,"Yes, yes it does. I want joy in my life. üòÇüòÇüòÇ art/music Twitter &gt;&gt;&gt;&gt;&gt; political Twitter. https://t.co/ZCONrMFOis",1455955413539688451,Misty Callahan,0,0,3,0,"[-87.883955, 41.834043]","Broadview, IL",,4702,3825,1,0.86
22524,2021-11-03T16:59:57+00:00,"Congratulations to Ian and Brooklyn #Berry your #wedding was a joy to entertain! Thanks for the eclectic #music playlist! 

#happinessproducer #crowdmover #eventdj #JustDance #rasputin #weddingdj #djlife https://t.co/rKtGhOrlDQ",1455942836717858816,dj adrian,1,0,0,0,"[-87.940033, 41.644102]","Chicago, IL","['Berry', 'wedding', 'music', 'happinessproducer', 'crowdmover', 'eventdj', 'JustDance', 'rasputin', 'weddingdj', 'djlife']",193,546,1,0.93
22537,2021-11-03T16:58:40+00:00,Just organized my bathroom storage/linen closet and this is some of the most joy I‚Äôve felt in a while ‚ò∫Ô∏è,1455942514565914626,The Joyful Reader,0,0,1,0,"[-87.826203, 41.908494]","Elmwood Park, IL",,446,1273,1,0.62
22944,2021-11-03T16:19:05+00:00,"We do love to share with gratitude and joy our fall stories of belonging, community and faith we share @StClement https://t.co/ji9TiyXZgv",1455932553030950922,Fr. Peter Wojcik,0,0,1,0,"[-87.940033, 41.644102]","Chicago, IL",,4962,627,1,0.96
23198,2021-11-03T15:50:52+00:00,"Each day is filled with possibilities. Letters. Building. Art. Small group work. Friendship. Joy. Purposeful play.
ü§ç
 #MaryMeyerSchool #ChicagoPreschool #Preschool #PurposefulPlay @ Mary Meyer School https://t.co/x2pFrFqB6s",1455925453890326530,MaryMeyerSchool,0,0,0,0,"[-87.64105, 41.93345]","Chicago, IL","['MaryMeyerSchool', 'ChicagoPreschool', 'Preschool', 'PurposefulPlay']",161,62,1,0.84
24586,2021-11-03T13:04:45+00:00,"Good morning #MarketingTwitter, especially those who work to bring others joy through their marketing. Evoke an emotional response üôåüèª",1455883649430261762,Joel Primack ü¶Å,2,0,5,0,"[-87.940033, 41.644102]","Chicago, IL",['MarketingTwitter'],1051,1763,1,0.81
24674,2021-11-03T12:47:03+00:00,Our relationship with God frees us to be people of encounter and of joy knowing that we always have a reason for hope! #AllSaints https://t.co/zaLmxdTTlA,1455879196350328837,Fr. Peter Wojcik,0,1,7,0,"[-87.940033, 41.644102]","Chicago, IL",['AllSaints'],4962,627,1,0.88
25305,2021-11-03T07:45:44+00:00,Joy comes in the morning üôèüèæ,1455803366836166656,mango love,0,2,7,0,"[-87.940033, 41.644102]","Chicago, IL",,1742,994,1,0.59
26070,2021-11-03T04:14:23+00:00,"@RealJDDrake I feel ya, friend.  I am so happy for you because I know I was crying ugly in public full of joy in Cleveland right about now five years ago.  Congrats &amp; ENJOY!!!!",1455750179139854339,val capone: she/her,0,0,2,0,"[-87.940033, 41.644102]","Chicago, IL",,2888,2895,1,0.88
28493,2021-11-03T00:48:32+00:00,@JoyTaylorTalks Speak that truth Joy,1455698373596655616,Tim Samuel,0,0,0,0,"[-87.863231, 41.86419]","Maywood, IL",,105,281,1,0.73
29487,2021-11-04T23:22:45+00:00,What a spooktacular job done by the team @MarcusGarveyES. Thanks for bringing the joy for our childrenüéâüëçüèΩüéì https://t.co/VWHcljvN7c,1456401562834702340,Stacy Stewart,0,0,7,0,"[-87.940033, 41.644102]","Chicago, IL",,958,769,1,0.77
30365,2021-11-04T21:48:34+00:00,"#HappyDiwali
Let‚Äôs celebrate the #FestivalOfLights India‚Äôs biggest and most important holiday! Ushering in the Hindu new year, Diwali is celebrated with lights, color, joy, and good food. 
#Diwali #Diwali2021 https://t.co/JP6eWGLgem",1456377860432830467,RushAnesthesiologyResidency,0,0,5,0,"[-87.940033, 41.644102]","Chicago, IL","['HappyDiwali', 'FestivalOfLights', 'Diwali', 'Diwali2021']",394,185,1,0.96
30598,2021-11-04T21:21:23+00:00,"We are about Black joy over here at all times but especially during the holiday season when joy can sometimes be hard to find. 

Snag your ‚ÄúTis The Season For Black Joy‚Äù T-shirts in the shop! üéÑ 

https://t.co/YOX10rGcrl

#BlackPlantLovers",1456371016846954506,BlackPlantLovers,0,3,2,0,"[-87.940033, 41.644102]","Chicago, IL",['BlackPlantLovers'],103,36,1,0.91
31136,2021-11-04T20:20:37+00:00,"@BrendanSugrue If you're having a bad day, or even not. I know this'll bring some joy to it. https://t.co/eACnIXypxp",1456355724250992643,Bradley Peters,1,0,1,0,"[-87.940033, 41.644102]","Chicago, IL",,109,231,1,0.08
31210,2021-11-04T20:13:21+00:00,"Like the giallo that inspires it, LAST NIGHT IN SOHO requires some major suspension of disbelief, but it‚Äôs so damn stylish that it‚Äôs hard not to get wrapped up in the ‚Äò60s, Anglophile cool of it all, even if it does pull its punches on the theme of evil men. Anna Taylor Joy is üíØ https://t.co/Bt9smR5CXv",1456353896327270400,Mike Vanderbilt‚Ñ¢,5,1,74,2,"[-87.940033, 41.644102]","Chicago, IL",,31028,18991,1,-0.38
31257,2021-11-04T20:09:07+00:00,Woah. Thought I had royally torched my hair somehow while I was blow drying it then I remembered I had frozen Indian food dinner in the microwave. The joy of living in a studio apartment. I still have remnants of smokey fire pit odor from sitting right by the fire pit on Sunday.,1456352832534237186,jeannette with two motherfucking N‚Äôs,0,0,0,0,"[-87.940033, 41.644102]","Chicago, IL",,320,758,1,0.0
31864,2021-11-04T19:00:17+00:00,@Kimber_Lee90 I know this joy oh so well &amp; I'm so happy for you lady.  üíú‚ú®üíú‚ú®,1456335511434444812,val capone: she/her,0,0,0,0,"[-87.940033, 41.644102]","Chicago, IL",,2888,2895,1,0.91
33333,2021-11-04T16:24:14+00:00,@craigspoplife ‚ù§The joy in their faces!,1456296239272800262,Rosalind Cummings-Yeatesüìöüõ©üåè,0,0,1,0,"[-87.940033, 41.644102]","Chicago, IL",,7513,2947,1,0.62
34840,2021-11-04T13:48:13+00:00,Happy Birthday  @D_Hest23  ! He brought  joy to me! Time rock with # 23 jersey  on https://t.co/cO2itG95iR https://t.co/lKMLWf2E3f,1456256974253744132,Gabriel D.Silva Go Maholms,0,0,1,0,"[-87.940033, 41.644102]","Chicago, IL",,2516,2902,1,0.84
34964,2021-11-04T13:33:17+00:00,"""Joy is distinct not only from pleasure in general but even from aesthetic pleasure. It must have the stab, the pang, the inconsolable longing.""
‚è§ C.S. Lewis, Surprised by Joy #CSLI",1456253216014929929,C.S. Lewis Institute,0,4,8,0,"[-87.940033, 41.644102]","Chicago, IL",['CSLI'],5230,494,1,-0.31
35524,2021-11-04T12:13:47+00:00,"This is 45. I have more wrinkles &amp; more gray hair, but I also have more joy. My three kids are amazing. My husband is still my fave person to laugh with, and my career is my dream job. Life is good. #birthday https://t.co/QotoonBV3s",1456233209633644549,Lindsay Currie,76,0,294,1,"[-87.940033, 41.644102]","Chicago, IL",['birthday'],12374,4843,1,0.98
35697,2021-11-04T11:32:25+00:00,"Lord Jesus, You are our treasure and our everything. May we know the joy of loving and serving You all the days of our lives. Show us the way to true happiness.",1456222801954758656,brcampmin,0,0,1,0,"[-87.798798, 41.68331]","Oak Lawn, IL",,157,190,1,0.95
39755,2021-11-05T23:00:18+00:00,Comparison really is the thief of joy yall.,1456758298473009154,JD,0,38,85,3,"[-87.940033, 41.644102]","Chicago, IL",,369,543,1,0.04
43740,2021-11-05T15:54:28+00:00,miso soup the only current joy in my life,1456651135062794243,üëæ,0,0,1,0,"[-87.940033, 41.644102]","Chicago, IL",,11,11,1,0.59
50509,2021-11-06T21:51:34+00:00,I‚Äôve never squealed in such joy at a kitten video before. https://t.co/Y6Tr4MDtN0,1457103389754544128,mickey‚Äôs twinkroom journey„Äå„Éü„ÉÉ„Ç≠„Éº@DRS„Äç,0,1,9,0,"[-87.940033, 41.644102]","Chicago, IL",,1553,1155,1,0.59
51329,2021-11-06T20:21:50+00:00,What‚Äôs not to like about mounds. It‚Äôs chocolate and coconut. I can see why people might not like almond joy but why does mounds get a bad rep,1457080806241939456,chupacabra,1,0,2,0,"[-87.940033, 41.644102]","Chicago, IL",,129,226,1,-0.84
52005,2021-11-06T19:17:54+00:00,"@Concern81249066 Once we found that ATT
also fronts CNN just like OAN
many immediately last
strawed CNN with our
Diabolical boycotting
Techniques
Most won't watch Mourning
Joe ,Chuck Todd and Nicole Wallace is blatant GOP.
So it's Joy Reed
Maddow and the late guy
Bringing home the Bacon
üòâüòä https://t.co/LHZJbwkm5K",1457064717177040896,Grant Noland Jr.,1,1,1,1,"[-87.940033, 41.644102]","Chicago, IL",,27148,27834,1,0.76
52235,2021-11-06T18:55:24+00:00,"for the first time in almost two years, i got to see one of my favorite things last night: the look of pure joy on my dad‚Äôs face when he and i go to concerts together. 

it doesn‚Äôt get much better than live music with this guy, though the pizza we had after the show came close. https://t.co/ywAvIiiqor",1457059054946226179,Andy Dahn,1,0,20,0,"[-87.940033, 41.644102]","Chicago, IL",,538,331,1,0.87
52414,2021-11-06T18:36:16+00:00,"@JoyAnnReid Joy stop this! This is not how you ""fight"" by attacking your own! Fight the republicans who are opposing the bill!",1457054240267018245,Sam -GSD- Fisher üêù‚öñüíõ,2,1,10,0,"[-87.940033, 41.644102]","Chicago, IL",,2372,2323,1,-0.6
54239,2021-11-06T15:18:53+00:00,What does the next phase of your life look like? Are you doing what brings you joy? Are you surrounded by those who love and care about you?,1457004566902415364,delo,0,1,1,0,"[-87.940033, 41.644102]","Chicago, IL",,164,536,1,0.94
54495,2021-11-06T14:50:54+00:00,Lean in to your joyüçÇ https://t.co/kTfBI1CR06,1456997525081235460,Steve Quinlan,0,0,1,0,"[-87.940033, 41.644102]","Chicago, IL",,207,606,1,0.0
57458,2021-11-06T02:39:03+00:00,"üé∂ With bunny bee crystals and love and joy, they turn into a cabbage patch girl or boy. üé∂ #TerrorTweet",1456813351498027016,David ü¶Ü,0,0,3,0,"[-87.940033, 41.644102]","Chicago, IL",['TerrorTweet'],243,674,1,0.84
58714,2021-11-06T00:15:13+00:00,@DianaRoss Thank you for being you.  Thank you for so many years of joy.  Thank you for this album.  Love is the answer.  üß°üß°üß°,1456777152758796290,David M Soto,0,0,3,0,"[-87.940033, 41.644102]","Chicago, IL",,63,138,1,0.94
59621,2021-11-07T22:54:28+00:00,@Carlos_Rodon55 thank you for everything! Was a joy to watch you pitch for this team.,1457481606386618377,Daniel,0,0,0,0,"[-87.940033, 41.644102]","Chicago, IL",,667,1028,1,0.76
60305,2021-11-07T21:50:31+00:00,I almost get more joy out of Packer fans pain and misery in the playoffs than bears victories,1457465511919431680,Dzikhead,2,0,19,1,"[-87.940033, 41.644102]","Chicago, IL",,1473,746,1,-0.49
61630,2021-11-07T19:32:15+00:00,going thru a ‚Äúperiod drama starring anya taylor-joy‚Äù phase,1457430717378580488,ella,1,0,7,0,"[-87.940033, 41.644102]","Chicago, IL",,89,149,1,0.0
67801,2021-11-07T01:45:59+00:00,@nyactor Joy,1457162380803203080,üá¶üá∫Paul üá∫üá∏ Sorensen,0,0,1,0,"[-87.940033, 41.644102]","Chicago, IL",,1380,4999,1,0.59
69234,2021-11-08T23:16:06+00:00,"@GageEHC I agree depending on how far down. Certainly behind: 100 Grand, Twix, Babe Ruth, Pay Day, Whatimacallit, ButterFinger and maybe Almond Joy personally.",1457849438379126785,Michael Conochan,1,0,1,0,"[-87.940033, 41.644102]","Chicago, IL",,315,1093,1,0.88
69805,2021-11-08T22:15:41+00:00,The commentary on Leslie Odom‚Äôs ‚ÄòJoy to the World‚Äô is not overcome by his beautiful voice even if it is from Hamilton. I can‚Äôt do it. If it‚Äôs worth listening to all the way thru let me know. üò¨,1457834236048719879,Nicole Richardson,0,0,0,0,"[-87.940033, 41.644102]","Chicago, IL",,935,843,1,0.7
70344,2021-11-08T21:15:46+00:00,"I finally got a pro controller for the Switch, and I don‚Äôt know why it took me almost a year to finally get it. So much better than the joy-con.",1457819158092070915,John Wong,1,0,12,0,"[-87.940033, 41.644102]","Chicago, IL",,1530,1742,1,0.49
71277,2021-11-08T19:29:36+00:00,@ryanthebowman i stopped doing that. it wasn't bringing me any joy,1457792438387412993,hadley (they/them),0,0,3,0,"[-87.940033, 41.644102]","Chicago, IL",,263,544,1,0.44
71679,2021-11-08T18:41:05+00:00,"Today I asked May Friedman, PhD (she doesn‚Äôt have a Twitter) to be on my dissertation committee and she said YES!!! So much fat joy!!!",1457780228458106884,Bree So,1,0,9,0,"[-87.940033, 41.644102]","Chicago, IL",,1248,1676,1,0.86
72054,2021-11-08T17:53:01+00:00,@NakedRaygun family needs your help. Please donate and/or share this link. @EricSpicer1 and Joy are good people. #believeinbelieve Thanks! https://t.co/kEDztcTWRI,1457768133280808965,FotoPunkMMG,0,0,0,0,"[-87.805698, 41.8650062]","Oak Park, IL",['believeinbelieve'],275,1283,1,0.94
72126,2021-11-08T17:43:30+00:00,@Krismybass @jxeker this brings me great joy,1457765737297321990,Mrs. Darby,0,0,2,0,"[-87.940033, 41.644102]","Chicago, IL",,16954,1422,1,0.84
73009,2021-11-08T16:04:05+00:00,"It was, without doubt, MORE FUN üíØ 

The bonkers joy of CFB, its unique weirdness, is being slowly drained out to satisfy TV and a fathomless drive for more revenue. 

C‚Äôest la vie. But we can do better than this CFP. https://t.co/HxDGiR0J1O",1457740716604592134,Fifth Down College Football,2,3,7,1,"[-87.940033, 41.644102]","Chicago, IL",,1539,480,1,0.63
74172,2021-11-08T13:40:06+00:00,Y'all it's my birthday today!! And this is my pure joy ü•∞ü•∞ü•∞ https://t.co/dcAnZJ83I6,1457704484298240004,"OM Ezeoke, MD",12,0,41,0,"[-87.940033, 41.644102]","Chicago, IL",,1368,1334,1,0.66
75573,2021-11-08T04:18:11+00:00,i get so much joy out of seeing people get deals on shark tank,1457563073800192005,‚úß deandre ‚úß,0,0,3,0,"[-87.940033, 41.644102]","Chicago, IL",,7769,1001,1,0.62
78947,2021-11-09T22:00:02+00:00,dude the holidays add more stress than joy imo why do people like this shit,1458192684968038402,cole,0,0,11,0,"[-87.940033, 41.644102]","Chicago, IL",,2614,1162,1,0.21
80317,2021-11-09T19:17:20+00:00,"32 days til the joy of #TBOX!!!!  TBOX2021, Festa‚Äôs 25th Annual 12 Bars of Xmas in Wrigleyville, Chicago, Saturday, December 11, https://t.co/wvwdv7wHTF ‚ù§Ô∏èüíö üç∫üç∫ #wrigleyville #chicagoevents https://t.co/z1R2rnRBNj",1458151740105187331,"TBOX Bar Crawls, Wrigleyville Chicago",0,0,3,0,"[-87.940033, 41.644102]","Chicago, IL","['TBOX', 'wrigleyville', 'chicagoevents']",5024,486,1,0.72
80619,2021-11-09T18:44:28+00:00,@BorgheseAmira @cuomoallthetime I agree. Trying to decide how I'll decorate this year. We need joy!,1458143467712942081,Beverly Kelley,0,0,1,0,"[-87.940033, 41.644102]","Chicago, IL",,50,179,1,0.76
81559,2021-11-09T17:01:31+00:00,@goldengracekel1 shared this beautiful picture of my sis who lives out of state and just made my day. Hope she brings joy to yours as well. BOOP! https://t.co/lL194dONiq,1458117562135420931,Jeremy Ross,0,0,0,0,"[-87.940033, 41.644102]","Chicago, IL",,5956,3429,1,0.94
81869,2021-11-09T16:25:10+00:00,You heard the man! Spread the joy of @JeppsonsMalort! https://t.co/28Liqdc3s3,1458108411724316675,AO Chicago,2,0,5,0,"[-87.940033, 41.644102]","Chicago, IL",,2177,230,1,0.66
82962,2021-11-09T14:12:23+00:00,"Best thing I‚Äôve read in a long time‚Ä¶please read all 4 parts, and cry with a little joy! https://t.co/JinlOP9jvH",1458074997403095042,Rich Puszczewicz,0,0,1,0,"[-87.940033, 41.644102]","Chicago, IL",,771,2910,1,0.71
83220,2021-11-09T13:42:40+00:00,@iamtycole She‚Äôs a joy,1458067517734334465,Brandon Pope TV,0,0,2,0,"[-87.940033, 41.644102]","Chicago, IL",,13150,5852,1,0.59
88013,2021-11-09T01:26:21+00:00,i have never met a friendlier crowd than at this jeremy zucker show. in between sets so many people have complimented my tattoos and asked me about my photography and i am currently just bursting with joy,1457882215841468425,lanz,0,0,8,0,"[-87.940033, 41.644102]","Chicago, IL",,901,849,1,0.63
89346,2021-11-10T23:15:21+00:00,"Today I, @ChiAlderwoman and the @RogersParkBA joined small business owners in cutting the ribbons to celebrate the reopening of 15 businesses in Rogers Park! As the son of a longtime Rogers Park salon owner, I took great joy in celebrating these diverse business owners‚Ä¶ https://t.co/hP4j25IcKl",1458574026557767691,Senator Mike Simmons,1,1,11,0,"[-87.940033, 41.644102]","Chicago, IL",,833,244,1,0.94
92196,2021-11-10T18:07:42+00:00,When celebrities go on Sesame St. it's clear how much they are enjoying it.  Look how happy she is singing a version of her song with the Count and the joy when he laughs and lightning flashes. https://t.co/GrBUzAl8bb,1458496603174604802,Matt Hicks,0,0,0,0,"[-87.940033, 41.644102]","Chicago, IL",,333,1096,1,0.95
94389,2021-11-10T14:02:25+00:00,"‚ÄúDarion D'Anjou One Minute Film School: Editing (Zoom)‚Äù with @dariondanjou, Skye Nakamura, @bySinclair, Joy Davis, and Movie Makers. Today, Nov 10 at 6:00 PM CST in @clubhouse! https://t.co/Li18oSX3j7",1458434875162234881,üü£Revolution MacInnes Ó®Ä (he/him),0,0,0,0,"[-87.940033, 41.644102]","Chicago, IL",,21970,23534,1,0.62
95908,2021-11-10T04:49:59+00:00,"We've needed any kind of joy we can take in the last couple of years, imo. Bring the decorations on. https://t.co/vWQohaLgwp",1458295852515143682,R. Lucretia,0,0,1,0,"[-87.805698, 41.8650062]","Oak Park, IL",,409,367,1,0.54
97865,2021-11-10T01:18:55+00:00,"Catching up on Movie Reviews.

LAST NIGHT IN SOHO - Official Trailer [HD] - Only in Theaters October 29 https://t.co/vE3EFHYVxx via @YouTube

A little disappointing but also hard to resist. Style wins over substance but the performances by Thomasin McKenzie and Anya Taylor Joy",1458242736876920839,Vinny At The Movies,1,0,1,0,"[-87.940033, 41.644102]","Chicago, IL",,768,5002,1,0.87
101752,2021-11-11T18:14:46+00:00,@Patrick_Reeeeed @andreadmw @oldrebeccarocks Guessing it will be mistrial WITH prejudice. KR walks smugly free much to the joy of people like that RWNJ  Ricky Schroeder,1458860769626492931,FotoPunkMMG,1,0,1,0,"[-87.940033, 41.644102]","Chicago, IL",,275,1283,1,0.76
101881,2021-11-11T18:03:02+00:00,"Will Smith shares his personal pain and joy during book tour in Chicago - Rolling Out https://t.co/HzkxUxUkgN 

#willsmithbook #nationalgeographics #natgeo",1458857816593248258,Precise üá≠üáπ,0,0,0,0,"[-87.940033, 41.644102]","Chicago, IL","['willsmithbook', 'nationalgeographics', 'natgeo']",928,938,1,0.4
103619,2021-11-11T15:08:18+00:00,@ben_austen @KhalilGMuhammad It was a joy to be interviewed by y‚Äôall! ‚ù§Ô∏è‚úäüèΩüíØ,1458813842960625680,Tonika Johnson,0,0,2,0,"[-87.940033, 41.644102]","Chicago, IL",,3475,1176,1,0.62
104084,2021-11-11T14:18:07+00:00,"Spent some time with Mom yesterday. Despite the progression of her Alzheimer‚Äôs, we can still find joy in outings such as a nice meal together. And ice cream. ##ENDALZ Thanks to the #caregivers for what you do! https://t.co/osdNrvxffE",1458801214573875203,S C H N I C K,0,0,1,0,"[-87.64662423491713, 41.925651562952545]",Belmont Village Senior Living Lincoln Park,"['ENDALZ', 'caregivers']",37,134,1,0.87
105408,2021-11-11T05:37:39+00:00,Everyday My Birthday debut at Joy District. Much Love and Thanks üôèüèæ to @djmilehigh_ for spinning @joydistrictchi @ Joy District https://t.co/IR9x82b7dK,1458670236878753794,Lizzie G,0,0,0,0,"[-87.6318, 41.89026]","Chicago, IL",,1662,1554,1,0.94
105577,2021-11-11T05:06:08+00:00,"Whether he remains in the film industry or walks away, I will not love @iamsrk less.  He has given me a lifetime supply of joy, laughter, smiles, inspiration and emotional roller coasters.  I am forever grateful and feel indebted to #ShahRukhKhan  for it. https://t.co/rl0D8MtGXP",1458662303558156289,Jackie Tajiri,0,0,1,0,"[-87.940033, 41.644102]","Chicago, IL",['ShahRukhKhan'],69,1200,1,0.93
107246,2021-11-11T02:22:17+00:00,"‚Äújoy‚Äù is the perfect word. it‚Äôs beautiful, @bdetrick @earlboykins üëåüèºüî• https://t.co/ucrvbVshKQ",1458621071297556481,amanda simmons.,1,2,4,0,"[-87.940033, 41.644102]","Chicago, IL",,641,286,1,0.82
107557,2021-11-11T01:51:59+00:00,"To LEAD is to inspire,change,create &amp;build yourself&amp;those around you in the process. Words can‚Äôt express the joy I had supporting 5locations&amp;being able to inspire people to win big along the way. Here‚Äôs a little look at my journey! #LEADtheway2021 https://t.co/BoCJE0z2rb",1458613444622626819,Ramonita Gaud,1,2,27,1,"[-87.940033, 41.644102]","Chicago, IL",['LEADtheway2021'],1374,1716,1,0.94
109178,2021-11-12T23:12:06+00:00,Metal Monkey Dance Of Joy on tap now. https://t.co/l3RzhtSl0X @MetalMonkeyBrew #BeerMenus,1459297985574191109,Monk's Burgers and More,0,0,0,0,"[-87.86978, 41.812471]","La Grange Park, IL",['BeerMenus'],877,738,1,0.59
109672,2021-11-12T22:18:28+00:00,Britney is free and I may be weeping from joy. #BritneySpears,1459284486466723845,jƒón,0,0,0,0,"[-87.940033, 41.644102]","Chicago, IL",['BritneySpears'],36,287,1,0.64
110030,2021-11-12T21:43:02+00:00,Drinking a Barrel Aged Imperial Pajamas (Almond Joy Variant) by @BegyleBrewing at @begylebrewing ‚Äî https://t.co/HF8fRookya,1459275569942642697,shai_s,2,0,3,0,"[-87.674408, 41.9553146]","Chicago, IL",,133,1971,1,0.59
110607,2021-11-12T20:55:55+00:00,My lawn is being mowed as it snows at the same time lmfaoooo why do I find so much joy in this,1459263714016874496,sarah tigges ‚ú®,0,0,2,0,"[-87.940033, 41.644102]","Chicago, IL",,732,598,1,0.62
110837,2021-11-12T20:32:53+00:00,"Seeing Bearcat holding his book brings me so much joy. THIS is why I love being an editor. Make sure to grab a copy wherever you buy your books while they‚Äôre still in stock, #Flames fans! https://t.co/6WUmBsGJjI",1459257916616327170,Michelle Bruton,0,0,3,0,"[-87.940033, 41.644102]","Chicago, IL",['Flames'],10561,3053,1,0.9
111686,2021-11-12T19:04:39+00:00,"New paper accepted today: ‚ÄúChildren Born of Genocidal Rape: What Do We Know About Their Experiences and Needs?‚Äù, led by Dr. Glorieuse Uwizeye, coming soon to Public Health Nursing. It‚Äôs been a great week! Good work by good people getting the space it deserves is such a joy.",1459235712046407681,"Julienne Rutherford, professional placentrix",1,2,28,0,"[-87.805698, 41.8650062]","Oak Park, IL",,7078,5942,1,0.89
112201,2021-11-12T18:09:24+00:00,The tour was great! Oh btw it is 38 and snow flurries with sleet so joy!! @ Chicago Downtown https://t.co/ix0vm1x7Bs,1459221805198151686,Scott Smith,0,0,1,0,"[-87.62614846, 41.88046793]","Chicago, IL",,624,547,1,0.9
113034,2021-11-12T16:50:28+00:00,@StClement Wonderful joy Fr. Matt,1459201944740941831,Fr. Peter Wojcik,0,0,1,0,"[-87.940033, 41.644102]","Chicago, IL",,4962,627,1,0.82
113325,2021-11-12T16:19:39+00:00,Sneakers give me joy https://t.co/04WE7t7gO7,1459194187425931273,wannabe asian greaser,0,0,4,0,"[-87.940033, 41.644102]","Chicago, IL",,329,147,1,0.59
113328,2021-11-12T16:19:32+00:00,"Peace on purpose, joy stay jumping",1459194156782432266,ùêÑùê±ùêöùêØùê¢ùêûùê´ ùêèùê®ùê©ùêû,1,1,13,0,"[-87.940033, 41.644102]","Chicago, IL",,38582,6708,1,0.81
113691,2021-11-12T15:42:18+00:00,Comparison is the thief of joy,1459184789446135833,‚Ä¢ a l e x ‚Ä¢,0,1,0,0,"[-87.940033, 41.644102]","Chicago, IL",,233,169,1,0.1
122006,2021-11-13T17:49:48+00:00,"Very little in life gives me the same level of joy as drafting our Thanksgiving Dinner Menu!
#GobbleGobble @j60660 @CafeMutant https://t.co/VA5ZHcURnx",1459579263267520524,Friendly Gayborhood Daddyman,1,3,23,0,"[-87.940033, 41.644102]","Chicago, IL",['GobbleGobble'],3435,1659,1,0.62
122073,2021-11-13T17:42:20+00:00,"""All joy (as distinct from mere pleasure, still more amusement) emphasises our pilgrim status; always reminds, beckons, awakens desire. Our best havings are wantings.""
‚è§ C.S. Lewis, Letters of C.S. Lewis (Nov. 5, 1959) #CSLI",1459577381711228939,C.S. Lewis Institute,0,5,9,0,"[-87.940033, 41.644102]","Chicago, IL",['CSLI'],5230,494,1,0.94
122387,2021-11-13T17:04:14+00:00,"In fact, it was the opposite. Being a Black Woman is such a huge part of my identity, why would I try to hide the aspects of myself that give me so much pride and joy???",1459567795491020802,Cy üêé,1,0,0,0,"[-87.940033, 41.644102]","Chicago, IL",,605,489,1,0.82
123471,2021-11-13T14:44:25+00:00,"Proud to be a fan of TSS tonight. The B/R pre and post-game (Taylor‚Äôs joy was palpable) was great and loved waking up to a recap this morning. 

Congrats, @joeclowery &amp; @TBRock00. It feels like this was a start to the birthday celebration for Daryl. https://t.co/FbLrxEpzhJ",1459532610653331460,Jason A. Lemberg,0,0,13,0,"[-87.940033, 41.644102]","Chicago, IL",,764,1048,1,0.97
124022,2021-11-13T12:13:46+00:00,"@ChrisCloughOly Danny Boy
Reminds me of my parents joy and how much I miss them",1459494696829566977,Bruce le parisien ute fan,1,0,1,0,"[-87.940033, 41.644102]","Chicago, IL",,1476,4520,1,0.49
125020,2021-11-13T05:08:43+00:00,@JessicaSimpson making music again brings joy to my life! My Queen forever #particles,1459387729444315136,Sam Cash,0,0,1,0,"[-87.940033, 41.644102]","Chicago, IL",['particles'],257,807,1,0.62
125524,2021-11-13T04:10:38+00:00,Paul Calderon's arm movements in Bosch are a joy.,1459373111946665986,Bob Fisher,0,0,0,0,"[-87.940033, 41.644102]","Chicago, IL",,1331,1866,1,0.59
125660,2021-11-13T03:58:45+00:00,@keo_nii @Carrliciouss that‚Äôs me with joy in my eyes till i the sidewalk said not today,1459370121273692162,XIII,0,0,0,0,"[-87.940033, 41.644102]","Chicago, IL",,190,221,1,0.59
127912,2021-11-13T00:17:14+00:00,This sparks joy https://t.co/Niy1aYECIf,1459314377069408256,Emily M Little,0,0,0,0,"[-87.940033, 41.644102]","Chicago, IL",,201,379,1,0.59
128409,2021-11-14T23:21:50+00:00,"@ForTheWin Having never scored nor will I ever score an NFL touchdown, I fully support his expression. May he have this much joy playing a game after his 2nd or 102nd touchdown.",1460025208287420419,Chi_flag_‚ô•Ô∏èüá∫üá∏üíØ,0,0,0,0,"[-87.940033, 41.644102]","Chicago, IL",,409,1001,1,0.82
128685,2021-11-14T22:51:51+00:00,No greater joy than hanging out at an airport 2 extra hours.,1460017662193508353,ToneZone,0,0,0,0,"[-87.940033, 41.644102]","Chicago, IL",,86,151,1,0.62
132197,2021-11-14T16:25:44+00:00,"Count It All Joy!
@simongordon1",1459920492782145539,Triedstone Church of Chicago,0,0,0,0,"[-87.658155, 41.70466482639313]",Triedstone Full Gospel Baptist Church,,383,19,1,0.62
135120,2021-11-14T04:15:52+00:00,Spread Joy @ Hideout Chicago https://t.co/2lrBVRYZOZ,1459736816563720199,T w i t t e rB e e f,0,0,2,0,"[-87.66241048261467, 41.91371656401167]",The Hideout,,296,1226,1,0.59
137099,2021-11-14T00:24:35+00:00,@JannaZinzi Lolol Joy,1459678612802650115,ùêÑùê±ùêöùêØùê¢ùêûùê´ ùêèùê®ùê©ùêû,1,0,1,0,"[-87.940033, 41.644102]","Chicago, IL",,38582,6708,1,0.59
138159,2021-11-15T22:29:26+00:00,"""All Joy reminds. It is never a possession, always a desire for something longer ago or further away or still 'about to be.'‚Äù
‚è§ C.S. Lewis, Surprised by Joy #CSLI",1460374411593363462,C.S. Lewis Institute,0,1,3,0,"[-87.940033, 41.644102]","Chicago, IL",['CSLI'],34463,402,1,0.8
138162,2021-11-15T22:29:15+00:00,"""All Joy reminds. It is never a possession, always a desire for something longer ago or further away or still 'about to be.'‚Äù
‚è§ C.S. Lewis, Surprised by Joy #CSLI",1460374362821849089,C.S. Lewis Institute,0,6,19,1,"[-87.940033, 41.644102]","Chicago, IL",['CSLI'],5230,494,1,0.8
141238,2021-11-15T16:34:10+00:00,"Let‚Äôs talk about Chrysanthemums, more commonly known as mums. In most countries they are a symbol of mourning and adversity, but here in the United States they are associated with autumn and joy. They also happen to be the official flower of our new city ‚Äî Chicago! https://t.co/p9U4TYTdCH",1460285004051791878,The Black Botanists,2,4,36,0,"[-87.940033, 41.644102]","Chicago, IL",,3155,899,1,0.81
147968,2021-11-16T20:55:00+00:00,The pixies or Joy Division?,1460713031323766786,Mr. Kaiju Rising,1,0,0,0,"[-87.940033, 41.644102]","Chicago, IL",,1289,2413,1,0.59
148657,2021-11-16T19:34:27+00:00,"@Darrick75677354 @DeVourieNesbySr His ass cappin, I‚Äôll do Jail time over Joy, you can have Sage Steele üòÇüòÇ",1460692764031598596,Justin üå±.,2,0,1,0,"[-87.940033, 41.644102]","Chicago, IL",,990,996,1,0.08
148738,2021-11-16T19:24:22+00:00,i‚Äôm still not totally sure that this account isn‚Äôt just run by a joy despret. seems like twitter agrees with me‚Ä¶ https://t.co/jyuruC9wGg,1460690224821022731,Mrs. Darby,0,0,60,0,"[-87.940033, 41.644102]","Chicago, IL",,16954,1422,1,0.71
150355,2021-11-16T16:21:24+00:00,"Good Morning ‚òÄÔ∏è , Happy Taco Tuesday üåÆ , ÔøºI Hope you have a wonderful day today üåÄ, Filled with Love and Joy Ôøºüíïü•≥",1460644179739136000,Juan Estrada,1,0,6,0,"[-87.940033, 41.644102]","Chicago, IL",,223,504,1,0.97
151723,2021-11-16T13:27:11+00:00,"""Joy is not a substitute for sex; sex is very often a substitute for Joy. I sometimes wonder whether all pleasures are not substitutes for Joy.""
‚è§ C.S. Lewis, Surprised by Joy #CSLI",1460600334984830983,C.S. Lewis Institute,0,6,16,0,"[-87.940033, 41.644102]","Chicago, IL",['CSLI'],5230,494,1,0.95
151969,2021-11-16T12:29:00+00:00,@DiscussingFilm Because spoilers aren't a thing... Oh joy.,1460585694099820548,Jos√© DeJesus,0,0,0,0,"[-87.940033, 41.644102]","Chicago, IL",,65,247,1,-0.47
152198,2021-11-16T10:00:21+00:00,Care 4 ppl you never know how ppl will respond to you if you are selfish with your intentions on speaking with them üôÉ#Respectfully #appreciate #GodMorningTuesday #PPLs #God #god #Motivation #MotivationalQuotes #Gorgeous #Peace #JOY #inspirationalquotes,1460548283173068804,MoneyGoals 2022,0,0,2,0,"[-87.940033, 41.644102]","Chicago, IL","['Respectfully', 'appreciate', 'GodMorningTuesday', 'PPLs', 'God', 'god', 'Motivation', 'MotivationalQuotes', 'Gorgeous', 'Peace', 'JOY', 'inspirationalquotes']",16,170,1,0.03
152329,2021-11-16T08:10:31+00:00,"4. Home front is simple:

Continue being a hot mama in my mom jeans + sweater dresses; play with My Joy‚Äôs wardrobe; ward off any immune attacks; and keep being who I needed at 7yo.",1460520644131672066,"Sincerely, Tyra | When Queens Link + YDWW Host",1,1,1,0,"[-87.940033, 41.644102]","Chicago, IL",,1390,4997,1,0.18
155058,2021-11-16T01:53:47+00:00,"God‚Äôs About To Turn My Tears Into Joy!
@simongordon1",1460425837669400580,Triedstone Church of Chicago,0,0,0,0,"[-87.658155, 41.70466482639313]",Triedstone Full Gospel Baptist Church,,383,19,1,0.49
155659,2021-11-16T00:52:32+00:00,"@annmsalas Wishing you nothing but joy, success and happiness",1460410423719694343,GingeredTee21,0,0,3,0,"[-87.833698, 41.850023]","Forest Park, IL",,150,216,1,-0.41
156029,2021-11-16T00:05:48+00:00,What a joy to see @HumaAbedin tonight at @UChiPolitics. Thinking of my HFA family tonight ‚ù§Ô∏èüíô https://t.co/WWZLaB65Pz,1460398660924153864,Haley Hager,0,1,10,0,"[-87.595956, 41.785636]",David Rubenstein Forum,,1217,1300,1,0.59
156590,2021-11-17T23:05:19+00:00,Sometimes I get frustrated when something does go as planned but being able to solve the problem is what brings me joy.,1461108215425470464,TreyLegit,0,0,0,0,"[-87.940033, 41.644102]","Chicago, IL",,707,364,1,0.39
156627,2021-11-17T23:00:16+00:00,Thanks @oocupcakejoy  allow  me use picture! This beer crawl  2021! @C_Spaghett1 @Panthera_Onca6 @likedemolition  Joy and I! https://t.co/1BQGK1GM7b,1461106944031219713,Gabriel D.Silva Go Maholms,2,1,12,0,"[-87.940033, 41.644102]","Chicago, IL",,2516,2903,1,0.86
158319,2021-11-17T19:47:48+00:00,"No clue what we were laughing at üòÇü§∑üèæ‚Äç‚ôÄÔ∏è but we gotta nice pic out of it! ‚ù§Ô∏èüòä‚ù§Ô∏è 

#Family #FamilyPhotos #ThisIsUs #Joy #LaughAlittleOrAlot #FunTimes #LaFamilia @ Chicago, Illinois https://t.co/ar7IghmyG3",1461058509685075978,Tierra Brockman,0,0,1,0,"[-87.632496, 41.883222]","Chicago, IL","['Family', 'FamilyPhotos', 'ThisIsUs', 'Joy', 'LaughAlittleOrAlot', 'FunTimes', 'LaFamilia']",297,308,1,0.67
158714,2021-11-17T19:21:31+00:00,"The Timer of Joy is in full swing at Lisa‚Äôs cafe!  If you‚Äôre with our cashier when the Timer of Joy goes off, you‚Äôll get a special treat! 
#joyful #popsofjoy #timerofjoy @ Lisa's https://t.co/FejT25qwDl",1461051894118371330,Northwestern Dining,0,0,1,0,"[-87.67570077, 42.0601875]","Evanston, IL","['joyful', 'popsofjoy', 'timerofjoy']",1552,40,1,0.93
160018,2021-11-17T17:03:11+00:00,"Someone looks right at home in an @AEW ring &amp; her name is @_thehyan.  

Gotta say, I felt nothing but joy watching this match. Renaissance Woman v @realrubysoho is such a delight! https://t.co/cD65UpD88X",1461017081298755586,val capone: she/her,2,3,22,0,"[-87.940033, 41.644102]","Chicago, IL",,2890,2896,1,0.37
161794,2021-11-17T13:27:41+00:00,"""In this world everything is upside down. That which, if it could be prolonged here, would be a truancy, is likest that which in a better country is the End of ends. Joy is the serious business of Heaven.""
‚è§ C.S. Lewis, Letters to Malcolm #CSLI",1460962849325555718,C.S. Lewis Institute,1,2,10,0,"[-87.940033, 41.644102]","Chicago, IL",['CSLI'],34463,402,1,0.75
161802,2021-11-17T13:26:54+00:00,"""In this world everything is upside down. That which, if it could be prolonged here, would be a truancy, is likest that which in a better country is the End of ends. Joy is the serious business of Heaven.""
‚è§ C.S. Lewis, Letters to Malcolm #CSLI",1460962651920605185,C.S. Lewis Institute,0,3,6,1,"[-87.940033, 41.644102]","Chicago, IL",['CSLI'],5230,494,1,0.75
163742,2021-11-17T03:24:49+00:00,"@Sufi_Path I‚Äôve experienced this, my dad use to do biannual feasts specifically for the displaced, hungry, poor &amp; homeless. 

No thing compares to feeling connected &amp; fulfilled for those needing fulfillment. The joy of sharing &amp; giving is profound when it‚Äôs from your volition &amp; your heart‚ù§Ô∏è‚Äçüî• https://t.co/UzLTH0gsai",1460811135276490756,FEAR is INVERTED FAITH ¬ª¬ª UNITY ¬´¬´ is THEüîùFORCE,0,0,1,0,"[-87.733451, 42.0191507]","Evanston, IL",,626,920,1,0.79
164334,2021-11-17T02:21:57+00:00,"My college is raising tuition by 10% next year and housing by 2.5%. Fun times, trying to getting an education is such a joy. Thank god I‚Äôm living off campus next year at least.",1460795311446798337,TJ,1,0,7,0,"[-87.940033, 41.644102]","Chicago, IL",,1963,3021,1,0.89
165913,2021-11-18T23:36:26+00:00,"Always a joy to stand with and serve our great city of Charlotte community with our Mayor, Vi Lyles!
@CLTMayor @CLTgov @PastorMStevens @CityChurchCOGIC https://t.co/fQnng0tUv4",1461478435201634310,Michael A.Stevens,0,0,1,0,"[-87.940033, 41.644102]","Chicago, IL",,1730,898,1,0.85
169291,2021-11-18T17:21:41+00:00,"‚ÄúYou can have a connection with food that doesn‚Äôt invite guilt. It invites exploration and adventure and excitement and joy, and my body still feels good the next day. That‚Äôs something that I want to share with others,‚Äô said Pope‚Äù
#plantbased #veganism 

https://t.co/HIIokgU4UX",1461384124057411596,ùêÑùê±ùêöùêØùê¢ùêûùê´ ùêèùê®ùê©ùêû,1,1,6,0,"[-87.940033, 41.644102]","Chicago, IL","['plantbased', 'veganism']",38582,6708,1,0.93
169593,2021-11-18T16:48:11+00:00,"@JoyTaylorTalks Same mood, Joy!  Same.",1461375695288950787,Terence M. Young,0,0,0,0,"[-87.940033, 41.644102]","Chicago, IL",,2300,1526,1,0.62
175724,2021-11-19T23:53:41+00:00,I need for @ringofhonor to be revived and truly supported this go round‚Ä¶.after the releases today‚Ä¶nah‚Ä¶I‚Äôm starting to low key lose the joy for wrestling again‚Ä¶I had just got it back.  Stuff is starting to not make sense again in the biz.,1461845162175483906,Trevoy Johnson,0,0,0,0,"[-87.940033, 41.644102]","Chicago, IL",,1580,1929,1,0.64
177531,2021-11-19T20:34:57+00:00,"Ricky Dillard, James Hall and for the culture mighty clouds of joy https://t.co/bOb6F2w9vg",1461795151949574146,JaredPierre,0,1,1,0,"[-87.940033, 41.644102]","Chicago, IL",,1150,980,1,0.59
178662,2021-11-19T18:56:03+00:00,"@AlysonKavan @BrianEntin oh how wonderful !!! this entire case should be dismissed, he‚Äôs gonna be a nurse one day and save people instead of murdering them for a change. wow, joy to the world. i finally feel peace on earth",1461770260386885636,dam thats crazy,9,1,70,0,"[-87.940033, 41.644102]","Chicago, IL",,689,537,1,0.94
185808,2021-11-19T01:01:18+00:00,"@FullCountTommy I don‚Äôt often care to watch other teams outside of the Nats and Tigers, but he was an absolute joy to watch",1461499794132811779,elmtree üè≥Ô∏è‚Äçüåà,0,0,1,0,"[-87.940033, 41.644102]","Chicago, IL",,804,950,1,0.81
187662,2021-11-20T21:34:56+00:00,I just went thru an emotional rollercoaster ride watching #GhostbustersAfterlife. That was a movie going experience. I was left in tears and ultimate joy. FUCK THAT WAS DAMN GOOD!!!,1462172632128839682,THE BEARD KING üáµüá∑,0,0,4,0,"[-87.896102, 41.973825]","Rosemont, IL",['GhostbustersAfterlife'],940,608,1,-0.34
191181,2021-11-20T15:39:44+00:00,@kqskqs Go to Joy Yee,1462083245747720201,New Year New Marco,0,0,1,0,"[-87.940033, 41.644102]","Chicago, IL",,1118,4434,1,0.59
193453,2021-11-20T04:56:14+00:00,Pure joy üñ§üñ§ https://t.co/P7gAkWrYin,1461921303255040001,Jess? You bet!,0,0,5,0,"[-87.67879710272794, 41.91018370123048]",Chop Shop,,391,666,1,0.59
196100,2021-11-20T00:21:02+00:00,Wonderful to catch up with @KatelynnTowne at ASC after far too long. So much joy seeing my former advisees winning at work and life. üíú and yes we were trying to get our focus points in line! https://t.co/Bn5LXDwdkD,1461852047242891277,Eileen Avery,0,0,3,0,"[-87.6267388, 41.8803066]",Palmer House - A Hilton Hotel,,389,471,1,0.93
200294,2021-11-21T17:45:23+00:00,@jenurrz I gotta shit talk someone. It‚Äôs the only thing that bring me joy.,1462477253527412737,Andrew Decker,0,0,0,0,"[-87.940033, 41.644102]","Chicago, IL",,278,582,1,0.05
200348,2021-11-21T17:39:15+00:00,@ClintSmithIII The joy in this is just so special and so beautiful!! ‚ù§Ô∏è Love this so much!! Hugs to you all!!,1462475710656917514,mariagalanis.eth,0,1,0,0,"[-87.940033, 41.644102]","Chicago, IL",,14549,6996,1,0.97
201231,2021-11-21T16:10:58+00:00,"During The Millennium, Jerusalem will be a place of Joy! Isaiah 65:18
@simongordon1",1462453493680287747,Triedstone Church of Chicago,0,0,0,0,"[-87.658155, 41.70466482639313]",Triedstone Full Gospel Baptist Church,,383,19,1,0.62
205256,2021-11-21T01:43:53+00:00,"@TyMcKinnie Happiness, Joy, Union üíØ",1462235286243627020,Tejh Johnson üëë,0,0,1,0,"[-87.940033, 41.644102]","Chicago, IL",,778,1107,1,0.81
205344,2021-11-21T01:32:55+00:00,One of the major downsides of the work I do is that there's very little fun or joy in my social media feed so here's a picture of Minuette. https://t.co/TbMgxrXCFa,1462232524093067274,"John C. Silva, NBCT",2,0,16,0,"[-87.940033, 41.644102]","Chicago, IL",,4434,4905,1,0.78
208876,2021-11-22T18:32:14+00:00,will also be watching this because I require more joy in my life https://t.co/4RruCgTteP,1462851431871008769,Patty Cake,0,0,0,0,"[-87.940033, 41.644102]","Chicago, IL",,78,678,1,0.62
209186,2021-11-22T17:58:35+00:00,"‚ú®Hope this week is filled with all things that bring joy. #BISCLP, let us know what you‚Äôre up to during the break! ‚úçÔ∏èüèâ‚òÄÔ∏èü§æüèº‚Äç‚ôÄÔ∏èüç∞üìöüé®üçó
üì∏Tag us: @BISCLincolnPark

#NordAngliaEducation #PrimarySchool @NAEducation https://t.co/7cnYT2GTyA",1462842964527489025,BISC Lincoln Park,0,0,1,0,"[-87.940033, 41.644102]","Chicago, IL","['BISCLP', 'NordAngliaEducation', 'PrimarySchool']",1767,321,1,0.62
210355,2021-11-22T15:34:57+00:00,@AnotherEchelon_ Bundle of joy ü§©,1462806817847791628,Denzel Tucker,0,0,0,0,"[-87.940033, 41.644102]","Chicago, IL",,20202,20282,1,0.59
210800,2021-11-22T14:24:01+00:00,Because they‚Äôre little terrorists that don‚Äôt want us to experience joy. https://t.co/ZCblU6C28m,1462788965715566596,Lazy Perfectionist,1,0,0,0,"[-87.940033, 41.644102]","Chicago, IL",,307,1527,1,0.08
210833,2021-11-22T14:19:00+00:00,"@MagnificentStan @quernzy @Pockets125 my aunt definitely is too. she‚Äôs so freaking excited that when she tells people it‚Äôs hard for her not to contain her absolute joy. 
I‚Äôm excited to see which family member is which Tom hanks. Costumes will be uploaded to socials &amp; Tom Hanks &amp; his wife will be tagged",1462787705293656070,delia but more del griffith (taylor‚Äôs version),0,0,1,0,"[-87.940033, 41.644102]","Chicago, IL",,1549,5000,1,0.78
211621,2021-11-22T07:49:24+00:00,A nice thing to do is to randomly ask your friends what brought them joy recently,1462689658350063617,Riley,0,0,5,0,"[-87.940033, 41.644102]","Chicago, IL",,368,595,1,0.87
213564,2021-11-22T02:34:58+00:00,@brittainashford I wept with joy every second that Dan Aykroyd was on screen.,1462610529642598400,Peter Quinn Fuller,0,0,1,0,"[-87.6959064, 42.0093111]","Chicago, IL",,158,792,1,0.2
214583,2021-11-22T01:00:00+00:00,It always fills me with joy when I hear how much people love @SeippBeer. I found myself smiling quite a bit while I was working on this project so I guess it‚Äôs the happy beer! https://t.co/khmk6pCljy,1462586628761960449,Liz Garibay,2,1,24,0,"[-87.940033, 41.644102]","Chicago, IL",,3414,3057,1,0.94
215301,2021-11-23T23:48:15+00:00,"On this feast of Saint Clement we pray that compelled by our patron Saint we bring peace, joy and communion to every person we meet. Blessed celebration of #Thanksgiving https://t.co/qepRS8iLKS",1463293346387050505,Fr. Peter Wojcik,0,0,12,0,"[-87.64619690331723, 41.928194581761055]",Saint Clement Parish,['Thanksgiving'],4962,627,1,0.93
215312,2021-11-23T23:46:50+00:00,Some joy üçÇ https://t.co/E7EY84k3iz,1463292989791477760,Steve Quinlan,0,0,0,0,"[-87.940033, 41.644102]","Chicago, IL",,207,606,1,0.59
217408,2021-11-23T19:21:37+00:00,"Have you watched main-street media, the Demkkrats, Joy Reid the View, Hollywood BLM, Antifa Jesse Jackson, Al Sharpton keep race out of it &amp; just factually report the news??? If you haven't, the jokes on you! https://t.co/JbjDXKlj3W",1463226248281341960,LeBon Travel Culture,0,0,1,0,"[-87.940033, 41.644102]","Chicago, IL",,10002,10573,1,0.6
217571,2021-11-23T19:03:49+00:00,@CherneyAmharaTV @cbschicago You can tell they absolutely love what they do and sharing joy,1463221768840257540,Marissa Parra,0,0,0,0,"[-87.940033, 41.644102]","Chicago, IL",,5608,1274,1,0.9
220045,2021-11-23T14:44:53+00:00,Praying this morning for all who will travel for #thanksgiving this year. May God keep you safe and the joy of reuniting with your family and friends fill your hearts with peace and love. Blessed Thanksgiving https://t.co/jwV4WeAlVQ,1463156604019302405,Fr. Peter Wojcik,0,1,10,0,"[-87.940033, 41.644102]","Chicago, IL",['thanksgiving'],4963,627,1,0.98
221178,2021-11-23T06:56:16+00:00,Last Night in Soho was really good I am also very in love with Anya Taylor Joy https://t.co/s3FdDLPpKG,1463038675349090312,ShinGodzillaSauce2.0,1,0,2,0,"[-87.940033, 41.644102]","Chicago, IL",,53,91,1,0.91
221860,2021-11-23T04:41:23+00:00,"The misnamed ""Joy"" is a dumb racist and a danger to society! She so deserves to be canned! https://t.co/SJw3bB3N1W",1463004731526336514,LeBon Travel Culture,0,1,3,0,"[-87.940033, 41.644102]","Chicago, IL",,10002,10573,1,-0.91
224185,2021-11-23T00:39:18+00:00,"My favorite Bjork song is ‚ÄúIt‚Äôs oh so quiet.‚Äù One of my all time favorite songs and videos, period. Reminds me of the big, grand old MGM style musicals that make me so giddy and dance around the room singing with unrestrained joy! üòäüéâ‚ù§Ô∏èüé∂ https://t.co/nTgyXakZp8",1462943808719630338,Sonya Olds Som (she/her/hers),0,0,0,0,"[-87.940033, 41.644102]","Chicago, IL",,15050,4071,1,0.9
227362,2021-11-24T18:35:14+00:00,Why do you hate joy? Smh https://t.co/KZsZ2tKzRz,1463576962597859337,Justin King of the North Fields,1,0,0,0,"[-87.940033, 41.644102]","Chicago, IL",,94,449,1,-0.3
228139,2021-11-24T17:03:18+00:00,"Mom is late-stage #Alzheimers, so our mission these days is simply to provide moments of joy for her. For example, #milanocookies = moment of joy. #ENDALZ #dementia #caregivers @ImSoStephanie https://t.co/TSX4Q0JbYV",1463553826812801032,S C H N I C K,0,0,1,0,"[-87.64662423491713, 41.925651562952545]",Belmont Village Senior Living Lincoln Park,"['Alzheimers', 'milanocookies', 'ENDALZ', 'dementia', 'caregivers']",37,134,1,0.82
228521,2021-11-24T16:24:39+00:00,"@KimeeBe Damn talking about a morning tweet

Good morning, I hope you have a wonderful day my friend fill with nothing joy and relaxation. Take care, stay safe, stay positive and stay blessed beautiful üåπ https://t.co/qipWk2zcKH",1463544101517897738,BigRob1987,0,0,0,0,"[-87.940033, 41.644102]","Chicago, IL",,10136,9746,1,0.97
228799,2021-11-24T15:59:48+00:00,@oocupcakejoy Happy Heavenly Birthday to your mother Joy!,1463537844761370626,New Year New Marco,1,0,1,0,"[-87.940033, 41.644102]","Chicago, IL",,1119,4435,1,0.92
229020,2021-11-24T15:35:24+00:00,I always cause so much havoc the day before I holiday. Maybe it‚Äôs cause of my religion that doesn‚Äôt allow me to celebrate so I feel the need to take the joy out of everything. Ugh. ü•∫,1463531706707808261,Dekker,0,0,0,0,"[-87.7790301, 41.82158]","Cicero, IL",,651,396,1,0.63
229999,2021-11-24T13:10:50+00:00,"The Lord is my strength and my shield; my heart trusts in him, and he helps me. My heart leaps for joy, and with my song I praise him.
Psalms 28:7 NIV

https://t.co/xEh2LfbeqW https://t.co/xV28tIpTWQ",1463495326002786311,Christian Stewart,0,0,0,0,"[-87.733451, 42.0191507]","Evanston, IL",,494,4966,1,0.95
231315,2021-11-24T04:29:15+00:00,"‚ÄúYou should read this,‚Äù she says re-reading it for the third time. @TennfanHypno is a joy. https://t.co/K7yHzgcoSw",1463364065191997446,Lois Lane üîû,0,1,9,0,"[-87.940033, 41.644102]","Chicago, IL",,162,195,1,0.59
234294,2021-11-25T22:23:09+00:00,Joy x Isaac Hayes https://t.co/mvLudttNF0,1463996707788709894,Justin üå±.,0,0,1,0,"[-87.940033, 41.644102]","Chicago, IL",,990,996,1,0.59
235074,2021-11-25T20:34:22+00:00,The single mom urge to take Joy out as much as possible so that I‚Äôm her favorite parent &gt;:),1463969331419791365,Andreaüíå,0,0,7,0,"[-87.940033, 41.644102]","Chicago, IL",,223,200,1,0.78
235143,2021-11-25T20:25:07+00:00,"Thoughts for Thursday. Wishing everyone an abundance of gratitude, love  &amp; joy every day. #beyourhero #thanksgiving #gratitude @ Chicago, Illinois https://t.co/SxWb4ixftA",1463967001504890888,Jennifer Bach Hogg,0,0,1,0,"[-87.632496, 41.883222]","Chicago, IL","['beyourhero', 'thanksgiving', 'gratitude']",344,219,1,0.92
235573,2021-11-25T19:38:15+00:00,"Question:
Does a Black Woman's joy, happiness, peace and pride bother you? If it does, can you explain why?

I ask because I've seen, many times, when Black Women are Black Womening... Here comes the  ""others"" being pissy because they weren't included.",1463955207692431361,if the hex fits throw that shit üßôüèæ‚Äç‚ôÄÔ∏èüññüèæ,1,0,0,0,"[-87.863231, 41.86419]","Maywood, IL",,219,366,1,0.91
235682,2021-11-25T19:23:36+00:00,Thankful for the ones in my corner. I hope this day brings you peace and joy knowing everyone has a plate at the table. DAYBREAK is out now and merch will be available soon. https://t.co/Gn2mVtBBSv,1463951521750597638,Sebastian Peace,0,4,9,0,"[-87.545872, 41.682759]","East Side, Chicago",,34,39,1,0.93
236277,2021-11-25T18:23:34+00:00,Happy Thanksgiving to all of you!  I hope you are able to spend time with those you love and care for you.  It's a great time to reflect on what fills your life with joy and how you might share joy with others. üî•ü§òüî• https://t.co/KMrt24WIwM,1463936412865249282,the.mighty.hector,0,0,2,0,"[-87.860474, 41.810245]","La Grange Park, IL",,183,347,1,0.98
237609,2021-11-25T16:06:07+00:00,https://t.co/i5neAmQsJu.  Thanksgiving Brekkie:  Cinnamon Rolls for me...and Tuna for these 'lil furry nuggets of joy.  üêæüíû  #HappyThanksgiving #HomeSweetHome #Chicago #Northside https://t.co/JSdG873Ay7,1463901825350909952,JensBigCitySoundtrack ü§òüåäü§ò,0,0,2,0,"[-87.940033, 41.644102]","Chicago, IL","['HappyThanksgiving', 'HomeSweetHome', 'Chicago', 'Northside']",686,2620,1,0.59
240581,2021-11-25T03:51:41+00:00,"@todayisnotreal @violue @poptivist Your gatekeeping of what brings folks joy and why is unfortunate, and pathetic. Have you been to a show? To see the teens standing shoulder to shoulder with young parents, small kids, old emos like me, and folks in their 50‚Äôa/60‚Äôs? Or do you only care to see what you want?",1463716996386856962,üíï katie l√∏uisa üåà‚ú®üíñ,0,0,0,0,"[-87.940033, 41.644102]","Chicago, IL",,199,325,1,0.56
241732,2021-11-25T01:44:26+00:00,"Have a day full of peace, love and joy. Happy Thanksgiving https://t.co/ZrUTDT7cBb",1463684973895028736,Dorothy Jones,0,0,4,0,"[-87.940033, 41.644102]","Chicago, IL",,181,1275,1,0.95
243719,2021-11-26T21:44:27+00:00,@TheStalwart This brings Joe great joy. He's been short since around $4k. Working out great for him &amp; his disciples &amp; followers,1464349356887363592,Creads@ACME,0,0,0,0,"[-87.940033, 41.644102]","Chicago, IL",,519,4600,1,0.92
244990,2021-11-26T18:45:17+00:00,@Keelin_12ft This brought me joy,1464304266198372352,Sean O'Brien,0,0,2,0,"[-87.798798, 41.68331]","Oak Lawn, IL",,719,2921,1,0.59
247372,2021-11-26T07:30:17+00:00,Someone book me for a Latinx centered Xmas show so I have a reason to perform Mi Burrito Sabanero. Please no other xmas song brings me as much joy as this one,1464134396534009856,Cindy Nero,1,0,19,0,"[-87.940033, 41.644102]","Chicago, IL",,529,1233,1,0.6
247588,2021-11-26T06:03:34+00:00,"So thankful for everyone that brings joy, laughs, support and love into my life ü•∞",1464112576636334083,m.,0,0,2,0,"[-87.940033, 41.644102]","Chicago, IL",,672,1045,1,0.96
250880,2021-11-27T21:30:27+00:00,The 15th District will be hosting The Annual Christmas Drive-Thur Event Dec 19th 2pm until 5pm. We continue to create partnerships to bring joy to the Austin Community. To participate please call caps office for details 312-743-1495. #InThisTogetherChicago #CpdInspiring https://t.co/tqBw4GsjQV,1464708222489616392,15th District ‚Äì Austin,0,6,8,1,"[-87.76886944637423, 41.88009309835066]",15 District Police Station,"['InThisTogetherChicago', 'CpdInspiring']",4783,1498,1,0.8
251077,2021-11-27T21:03:58+00:00,I deprived myself the joy of a Christmas tree until the widely socially accepted time because anticipation = happiness https://t.co/dTjl0Lsr7G,1464701557971296264,Michelle Bruton,0,0,8,0,"[-87.940033, 41.644102]","Chicago, IL",,10560,3053,1,0.78
253601,2021-11-27T16:09:32+00:00,As always it's a joy and a privilege to spend an hour or so chatting with my pal @benrady. Join us as we chat about why you should lint your code https://t.co/o0wC8mVuXJ,1464627460016852993,matt godbolt,0,0,14,0,"[-87.733451, 42.0191507]","Evanston, IL",,12587,1918,1,0.82
256781,2021-11-27T02:08:37+00:00,"Day 26 of 30
Joy
Today I am grateful for the little things that bring me joy. 
#30daysofthanks #gratitude #sheleavesalittlesparkle #watchmommawork #forwardisapace #tutulady @ Chicago, Illinois https://t.co/u5QwSS2eH7",1464415835078987779,#tutulady (she/her) Kristine,0,0,0,0,"[-87.632496, 41.883222]","Chicago, IL","['30daysofthanks', 'gratitude', 'sheleavesalittlesparkle', 'watchmommawork', 'forwardisapace', 'tutulady']",231,526,1,0.89
257611,2021-11-27T00:23:46+00:00,#WhatCAHwants This is one of my prized possessions. My sister gave it to me when I was really down and it was amazing. Definitely brings me joy. You‚Äôd have to be devoid of all childhood joy not to smile when you see it. üòä https://t.co/KEmTL1hdbm,1464389450625175552,kendall,0,0,1,0,"[-87.834577, 41.879203]","River Forest, IL",['WhatCAHwants'],66,238,1,0.95
257843,2021-11-28T23:52:42+00:00,"he had to watch my Packers beat his Rams and now my husband has to decorate the tree with me and create Christmas joy, pray for him",1465106407800332288,Michelle Bruton,3,0,30,0,"[-87.940033, 41.644102]","Chicago, IL",,10559,3053,1,0.8
258420,2021-11-28T22:54:23+00:00,My Pride N Joy‚ÄºÔ∏è BigMamma‚Äôs Big Boy üíôüíô @ Style' N Grace Boutique https://t.co/a097uCx0Q9,1465091733058990084,Terri A. Thomas,0,0,0,0,"[-87.62052, 41.68666]","Chicago, IL",,100,281,1,0.64
260257,2021-11-28T19:58:11+00:00,"I'm at Joy Yee Noodle in Chicago, IL https://t.co/s4W8YZ6xX4 https://t.co/5ykWABJG4m",1465047389207777281,N. Felipe,0,0,0,0,"[-87.68955, 41.94165]","Chicago, IL",,2097,5010,1,0.59
260264,2021-11-28T19:57:28+00:00,my heart knows only joy in this moment https://t.co/AaIBuxE5vc,1465047207774769156,"Christopher Nemeh, M.D.",0,0,16,0,"[-87.820078, 41.6457104]","Palos Heights, IL",,2903,2236,1,0.59
260512,2021-11-28T19:30:13+00:00,"Happy Hanukkah to all those¬†celebrating! May this be a time of joy,¬†for you and your family.¬†
¬†
We hope this¬†festival of lights is a time for¬†loved ones¬†and friends to come together.¬†
 #Hanukkah https://t.co/4VEttbiJYl",1465040351740284928,Jan Schakowsky,1,7,41,0,"[-87.733451, 42.0191507]","Evanston, IL",['Hanukkah'],52977,1581,1,0.98
261304,2021-11-28T18:09:00+00:00,@junior_thirty4 I don‚Äôt want human beings crying tears of joy when Michigan beats Ohio state.,1465019913735753729,Justin üå±.,0,0,0,0,"[-87.940033, 41.644102]","Chicago, IL",,990,996,1,0.03
262341,2021-11-28T16:10:34+00:00,May every candle you light bring you joy and peace.üïé #HappyHanukkah #2021chicagoholidays #chicagoactors #Hanukkah2021 #actorslife https://t.co/ikGLixZVJd,1464990107879059459,William C. Thompson,0,0,1,0,"[-87.940033, 41.644102]","Chicago, IL","['HappyHanukkah', '2021chicagoholidays', 'chicagoactors', 'Hanukkah2021', 'actorslife']",75,82,1,0.59
262836,2021-11-28T14:58:07+00:00,Wishing those who celebrate Hanukkah a Festival Filled with Joy and Happy Moments! üïé https://t.co/eYyhsD1N1V,1464971873163350020,Senator Cristina Pacione-Zayas,0,0,4,0,"[-87.940033, 41.644102]","Chicago, IL",,896,167,1,0.95
263089,2021-11-28T14:07:47+00:00,"Putting a menorah in the window is our way of sharing our joy and solidarity with our neighbors and our communities. 

Check out &amp; download @jewishaction's new Hanukkah poster to put in your own window this year:  https://t.co/2glFzifjor",1464959207816450055,Scott J Hunter (◊©◊û◊ï◊ê◊ú ◊ì◊ï◊ì ◊¶◊ô◊ô◊ì),0,0,0,0,"[-87.940033, 41.644102]","Chicago, IL",,1071,2523,1,0.83
263738,2021-11-28T08:01:44+00:00,"@jonnyboy823 Agreed. I'm just tired of folks wanting bad for Mariah.  Especially when she keeps to herself so much. And, she's literally trying to spread  joy and happiness every Xmas,  yet some are so angry/hurt at how successful she is during the season. Jealousy is a powerful feeling.",1464867087336321024,R. Lucretia,1,0,1,0,"[-87.805698, 41.8650062]","Oak Park, IL",,409,367,1,0.84
265804,2021-11-28T02:17:53+00:00,"@zo0o0o0ey Renewal :‚Äô) abundance :‚Äô) joy :‚Äô) 
(The Star)",1464780557976576002,fruityknuti,0,0,0,0,"[-87.940033, 41.644102]","Chicago, IL",,52,106,1,0.59
266162,2021-11-28T01:38:51+00:00,"Congrats to EVERYONE getting engaged and having their bundles of joy on the way, beyond happy for y‚Äôall! I love LOVE! üò≠üò≠üò≠üíï",1464770733100392452,"T, M.A",0,2,3,0,"[-87.940033, 41.644102]","Chicago, IL",,349,352,1,0.98
267317,2021-11-29T23:34:32+00:00,Ahhhhh! Such Hype! We love Luke! Go follow and share the partnered joy! ü•∞ https://t.co/8UUJkabXHP,1465464224285659140,2Gays1Twitch,0,0,6,0,"[-87.940033, 41.644102]","Chicago, IL",,836,1197,1,0.91
267515,2021-11-29T23:12:44+00:00,"From the Beermiscuous family to yours, Happy Hanukkah!
May every candle you light bring you peace &amp; joy. https://t.co/nusHzW1bmR",1465458735703334914,Beermiscuous-Lakeview,0,1,14,0,"[-87.940033, 41.644102]","Chicago, IL",,4904,1248,1,0.91
268224,2021-11-29T21:41:45+00:00,Show me a picture of when you felt joy!,1465435839861829635,Tyler Hall,5,0,4,0,"[-87.940033, 41.644102]","Chicago, IL",,2838,579,1,0.62
268972,2021-11-29T20:06:34+00:00,"Walked my Uncles to the gym, then went and got a mani, picked up a beef patty from Aunty Joy‚Äôs Jamaican, reached over to remove a small piece of lint from my hair‚Ä¶it was snow ‚ùÑÔ∏èü•∫",1465411885734547457,MJ,0,0,1,0,"[-87.940033, 41.644102]","Chicago, IL",,139,295,1,0.1
272546,2021-11-29T11:05:46+00:00,"@CalanthaTXBlue @JLustwerk I do remember him vividly 
He was the one who broke the news 
 That President John Kennedy had been assassinated. Can you imagine what Donald Trump would have said. 
If he'd been able to do so at that time publicly?! He would have told people to dance in the street with joy!",1465275790833205256,womanofgod3,0,0,2,0,"[-87.733451, 42.0191507]","Evanston, IL",,1905,4929,1,0.38
272876,2021-11-29T06:37:53+00:00,@ayampiempi @jed_131 @TrackerNFT @GutterCatGang @3dFrankenPunks Thank you. She brings a lot of joy to my little bipolar brain!,1465208375260717059,bPolarArt,1,0,1,0,"[-87.940033, 41.644102]","Chicago, IL",,907,1098,1,0.76
275048,2021-11-29T02:01:24+00:00,"Avec Pleasure is grateful to have ART in her life &amp; to share the JOY of that experience with others ‚ù§Ô∏è @anneavecpleasure.com.au @ Chicago, Illinois https://t.co/hjPYZfeUtZ",1465138793657389058,anne mcgravie-wright,0,0,0,0,"[-87.632496, 41.883222]","Chicago, IL",,150,919,1,0.93
276526,2021-11-30T23:01:43+00:00,If I was Santa I wouldn‚Äôt provide millions of people joy for $8.25/hr either. https://t.co/sidxLD1t7q,1465818353474412548,John Hartunian,0,0,0,0,"[-87.940033, 41.644102]","Chicago, IL",,112,226,1,0.59
277449,2021-11-30T21:03:53+00:00,"Back at the pond!! I love traveling and visiting dear friends, but there's a distinct and special joy in returning home. Walking familiar paths... üòä

https://t.co/n5treZf7Tt",1465788697102766088,Dave Robison,0,0,1,0,"[-87.940033, 41.644102]","Chicago, IL",,237,301,1,0.94
278051,2021-11-30T19:55:18+00:00,"Today is the day! For today‚Äôs @NAEducation ‚ÄúGiving Season Initiative‚Äù, we collected over 3,908 diapers as part of a school-wide initiative with @C2CChicago. Check out the ‚ÄúKindness Calendar‚Äù for ideas to spread joy the rest of Dec. Tag üì∏:@BISCLincolnPark

https://t.co/Scc4lOl5dc https://t.co/L5cjLxy6Gi",1465771438078636043,BISC Lincoln Park,0,0,0,0,"[-87.940033, 41.644102]","Chicago, IL",,1767,321,1,0.62
278145,2021-11-30T19:45:11+00:00,"@CodyAPCards1308 @CardPurchaser The joy of pulling it was worth the $160, right? https://t.co/hJFRgrGePs",1465768891699838979,Brendan,1,0,1,0,"[-87.940033, 41.644102]","Chicago, IL",,1957,288,1,0.69
278621,2021-11-30T18:53:57+00:00,"Lord, let me appreciate your sun rise every day. Help me to stay within your time. The perseverance, the joy, the hope. In Jesus. https://t.co/7eol7O1JAU",1465756001605497315,Catherine Skarr,0,0,0,0,"[-87.63446433955961, 41.94286016145862]",The Lake,,59,59,1,0.9
278972,2021-11-30T18:19:18+00:00,Just posted a photo @ Joy District https://t.co/LBmUamVMem,1465747279978151948,Jon Landan,0,2,3,0,"[-87.6318, 41.89026]","Chicago, IL",,1630,924,1,0.59
279550,2021-11-30T17:20:12+00:00,"@APKFitz @Teach_Golden @LMSAEagles And what a treat to come back and see the wonderful things you are doing @APKFitz and see the amazing faculty, staff, and students. It always brings me joy. üôè",1465732408016257032,Alan Mather,0,0,3,0,"[-87.940033, 41.644102]","Chicago, IL",,2391,1435,1,0.93
280072,2021-11-30T16:21:28+00:00,"I can personally vouch for this cause. Our Summer STEM Camp helps kids see the joy and wonder in STEM and see themselves as curious, capable, and confident STEM learners. https://t.co/iEHBgxnuCN",1465717625963659265,Debbie Leslie,0,1,6,0,"[-87.940033, 41.644102]","Chicago, IL",,108,217,1,0.93
281672,2021-11-30T12:31:20+00:00,@MaddieBarry8 I‚Äôm so sorry for your loss. Find joy in the good memories and sustenance from your family and friends. Find peace.,1465659709474717699,Paul J DesHotels,0,0,0,0,"[-87.940033, 41.644102]","Chicago, IL",,2691,3030,1,0.88
281855,2021-11-30T10:33:27+00:00,Watching #GetBack and I‚Äôve just been fascinated. It‚Äôs a tribute to the joy and mundanity of creating. Watching them build ‚ÄúGet Back‚Äù bit by bit is one of the most mesmerizing things I‚Äôve seen in some time.,1465630044416585735,Phil Lueck,0,1,2,0,"[-87.940033, 41.644102]","Chicago, IL",['GetBack'],449,1639,1,0.84
283102,2021-11-30T04:04:10+00:00,@SHO_Dexter just fills my little murder heart with joy üíô,1465532077772783622,Jackie Platteuw,0,0,0,0,"[-87.940033, 41.644102]","Chicago, IL",,88,227,1,-0.15
