Unnamed: 0,date,content,id,user,replyCount,retweetCount,likeCount,quoteCount,coordinates,place,hashtags,followers,friends,ijoy,clean_tweet,clean_stems,emoji_meanings
282567,2021-09-28T22:00:25+00:00,Thank you to the Chicago Drag Community for welcoming me and showing me some real love. â¤ï¸ Words canâ€™t express how thankful I am for all the support Iâ€™ve received since starting my drag journey. Shoutout to @omanicross for the opportunity to be apart of this project! âœ¨ https://t.co/BBe7C1h060,1442972492381962240,Gigi Madid,0,5,64,0,"[-87.940033, 41.644102]","Chicago, IL",0,731,1204,0,thank chicago drag community welcoming showing real love â¤ï¸ words â€™ express thankful support â€™ received since starting drag journey shoutout omanicross opportunity apart project âœ¨,thank you to the chicago drag community for welcom me and show me som real lov â¤ï¸ word can â€™ t expres how thankful i am for all the support i â€™ ve received sinc start my drag journey shoutout to omanicros for the opportunity to be apart of thi project âœ¨,"['red_heart', 'sparkles']"
56078,2021-09-06T14:50:27+00:00,"@StPaulgirl3 @JLVsTW1 But her fake Chicklet teeth 
Are whiter.",1434891752167587844,Grant Noland Jr.,0,0,1,0,"[-87.940033, 41.644102]","Chicago, IL",0,25393,26037,0,stpaulgirl3 jlvstw1 fake chicklet teeth whiter,stpaulgirl3 jlvstw1 but her fak chicklet teeth are whiter,[]
280314,2021-09-27T01:35:08+00:00,@jandro0o ğŸ‘€,1442301749868498945,Luis,0,0,2,0,"[-87.940033, 41.644102]","Chicago, IL",0,1210,1876,0,jandro0o ğŸ‘€,jandro0o ğŸ‘€,['eyes']
142203,2021-09-14T03:54:32+00:00,10 MORE YEARS FOR GRUDEN,1437625790351519750,sam,0,0,2,0,"[-87.940033, 41.644102]","Chicago, IL",0,59,177,0,10 years gruden,10 mor year for gruden,[]
95454,2021-09-10T15:26:20+00:00,"@AlAstro773 Love you g, we taking this shit to new levels on my future baby motherğŸ¤ğŸ½",1436350336273420294,wokeuplikethis*,0,0,2,0,"[-87.940033, 41.644102]","Chicago, IL",0,664,348,0,alastro773 love g taking shit new levels future baby motherğŸ¤ğŸ½,alastro773 lov you g we tak thi shit to new level on my futur baby motherğŸ¤ğŸ½,['crossed_fingers_medium_skin_tone']
150151,2021-09-15T14:20:07+00:00,Iâ€™d love to work with more artist from the city,1438145611501608964,fuck lori lightfoot ğŸ’š,0,0,3,0,"[-87.940033, 41.644102]","Chicago, IL",0,572,577,0,â€™ love work artist city,i â€™ d lov to work with mor artist from the city,[]
21261,2021-09-03T22:53:17+00:00,Nasi bout to drop the album of the year on the 17th.,1433926096160972802,Big Zo,0,0,0,0,"[-87.940033, 41.644102]","Chicago, IL",0,353,352,0,nasi bout drop album year 17th,nasi bout to drop the album of the year on the 17th,[]
203433,2021-09-20T15:11:36+00:00,"Yâ€™all are horny as hell ğŸ˜­

Yâ€™all came running omggggg",1439970506837577733,âœ¿ Moan-A-LI$A âœ¿,3,0,0,0,"[-87.940033, 41.644102]","Chicago, IL",0,1706,661,0,â€™ horny hell ğŸ˜­y â€™ came running omggggg,y â€™ all are horny as hell ğŸ˜­y â€™ all cam runn omggggg,['loudly_crying_face']
285261,2021-09-28T15:58:46+00:00,Vinyl playlist for today at the studio. @ Ground Up Press https://t.co/sG6fZHFKff,1442881478019346433,Dan Grzeca is Fully Vaccinated,0,0,0,0,"[-87.692888, 41.955456]","Chicago, IL",0,2446,2976,0,vinyl playlist today studio ground press,vinyl playlist for today at the studio ground up pres,[]
74818,2021-09-08T15:03:03+00:00,The girtz! â­ï¸ğŸ˜ https://t.co/DXUMZXTqYW,1435619701267255304,Akeria The SCARLET WITCH Davenport,0,6,397,0,"[-87.940033, 41.644102]","Chicago, IL",0,116858,1114,0,girtz â­ï¸ğŸ˜,the girtz â­ï¸ğŸ˜,"['star', 'smiling_face_with_heart-eyes']"
62801,2021-09-07T20:28:53+00:00,@_kenharv_ Protein is important!,1435339309926821892,Patty Cake,0,0,0,0,"[-87.940033, 41.644102]","Chicago, IL",0,79,672,0,kenharv protein important,kenharv protein is important,[]
145217,2021-09-15T23:23:55+00:00,me in like 90 min https://t.co/Ua0OHykmxt,1438282460387811333,kirky turkey,2,0,8,0,"[-87.940033, 41.644102]","Chicago, IL",0,2312,987,0,like 90 min,me in lik 90 min,[]
76992,2021-09-08T05:10:37+00:00,"well, with a big sigh Iâ€™ll once again say: ko-fi link in bio, I got 12 hours or Iâ€™m kinda fucked. I really hate being in this situation and itâ€™s my every intention to give back to the community far more than Iâ€™ve asked for as soon as Iâ€™m able to do so. Iâ€™m really sorry again",1435470607332823040,ketuğŸ”œMFF,1,11,19,1,"[-87.940033, 41.644102]","Chicago, IL",0,14533,995,0,well big sigh â€™ say kofi link bio got 12 hours â€™ kinda fucked really hate situation â€™ every intention give back community far â€™ asked soon â€™ able â€™ really sorry,well with a big sigh i â€™ ll onc again say kofi link in bio i got 12 hour or i â€™ m kinda fucked i really hat be in thi situation and it â€™ s my every intention to giv back to the community far mor than i â€™ ve asked for as soon as i â€™ m  to do so i â€™ m really sorry again,[]
56388,2021-09-06T14:15:07+00:00,@simonsinek ğŸ’¯,1434882862361284613,#StellaBeeOnAir,0,0,0,0,"[-87.940033, 41.644102]","Chicago, IL",0,217,1976,0,simonsinek ğŸ’¯,simonsinek ğŸ’¯,['hundred_points']
170912,2021-09-17T14:43:55+00:00,@dave_panda @RiotFest Brilliant tweet,1438876374610157577,Chris Luecke,0,0,1,0,"[-87.940033, 41.644102]","Chicago, IL",0,1248,2600,0,davepanda riotfest brilliant tweet,davepanda riotfest brilliant tweet,[]
29821,2021-09-03T03:31:17+00:00,@ohkiv Composure getting a bit frayed. Need to change it up maybe with some Route One,1433633673002225669,devoid davy,1,0,1,0,"[-87.940033, 41.644102]","Chicago, IL",0,216,1009,0,ohkiv composure getting bit frayed need change maybe route one,ohkiv composur gett a bit frayed need to chang it up mayb with som rout one,[]
86474,2021-09-09T12:21:10+00:00,@_Oriiane_ @Victoriahla Indice UV ?,1435941348922826754,hajaar_be,1,0,1,0,"[-87.860054, 41.732715]","Justice, IL",0,2904,376,0,oriiane victoriahla indice uv,oriian victoriahla indic uv,[]
269586,2021-09-26T02:49:58+00:00,"ND +5.5, Florida -19.5, Bama -45. 3-0 on responsible 50 bomb bets today. Only losses were the small money parlay plays. Iâ€™m fucking back baby donâ€™t let me get hot. https://t.co/ksIpAhM16b",1441958194276929538,Brian Knights,0,0,9,0,"[-87.940033, 41.644102]","Chicago, IL",0,3972,1351,0,nd 55 florida 195 bama 45 30 responsible 50 bomb bets today losses small money parlay plays â€™ fucking back baby â€™ let get hot,nd 55 florida 195 bama 45 30 on responsibl 50 bomb bet today only losse wer the small money parlay play i â€™ m fuck back baby don â€™ t let me get hot,[]
221253,2021-09-22T19:32:28+00:00,@kinginesse I loved it lmao,1440760929646309379,Miriam,1,0,1,0,"[-87.940033, 41.644102]","Chicago, IL",0,706,440,0,kinginesse loved lmao,kinginess i loved it lmao,[]
135400,2021-09-14T22:37:33+00:00,@Tim535353 @marciadorsey TIM!!!,1437908404329136133,john dickman,0,0,1,0,"[-87.940033, 41.644102]","Chicago, IL",0,1703,2015,0,tim535353 marciadorsey tim,tim535353 marciadorsey tim,[]
158898,2021-09-16T17:47:06+00:00,@Halloween_75 ğŸ‘€ https://t.co/6GO1NuzEZu,1438560085173841923,Jerel ğŸ³ï¸â€ğŸŒˆ â€¢ğŸ’‹Ã—o,0,0,1,0,"[-87.940033, 41.644102]","Chicago, IL",0,595,4974,0,halloween75 ğŸ‘€,halloween75 ğŸ‘€,['eyes']
60906,2021-09-07T23:57:52+00:00,@FanDuel Has the talent but not consistent enough,1435391903776788480,Black McDowell,0,0,0,0,"[-87.940033, 41.644102]","Chicago, IL",0,494,1409,0,fanduel talent consistent enough,fanduel has the talent but not consistent enough,[]
82856,2021-09-09T19:02:07+00:00,"I no longer agree with a lot of Republican ideologies but Iâ€™d vote for her, if I lived in Wyoming! https://t.co/vHS4aFXsZg",1436042252367892486,S.F. Esburrito,1,0,1,0,"[-87.903492, 41.888952]","Melrose Park, IL",0,952,4993,0,longer agree lot republican ideologies â€™ vote lived wyoming,i no longer agre with a lot of republican ideologie but i â€™ d vot for her if i lived in wyom,[]
172541,2021-09-17T09:45:21+00:00,https://t.co/eB5N6CwpSb,1438801236766175232,Brian Lucas,0,0,0,1,"[-87.940033, 41.644102]","Chicago, IL",0,377,887,0,,,[]
249029,2021-09-24T00:20:55+00:00,Booty so bigggggggg! https://t.co/STUuc7P5Ql,1441195907626774533,Fat Cat Pat ğŸ˜,0,0,0,0,"[-87.940033, 41.644102]","Chicago, IL",0,3269,1090,0,booty bigggggggg,booty so bigggggggg,[]
276339,2021-09-27T15:18:21+00:00,"New post--A King Kelly story:

https://t.co/wGG4YcW02O",1442508918073315330,BaseballHistoryDaily,0,0,3,0,"[-87.940033, 41.644102]","Chicago, IL",0,17779,9884,0,new posta king kelly story,new posta k kelly story,[]
119511,2021-09-12T08:30:10+00:00,1634 North Tripp Avenue https://t.co/YeDi0JNwJb,1436970377826144262,every lot chicago,0,0,0,0,"[-87.73282, 41.91091]","Chicago, IL",0,4879,4,0,1634 north tripp avenue,1634 north tripp avenu,[]
134684,2021-09-14T23:52:17+00:00,â¤ï¸âš¾ï¸ https://t.co/XrJZmwbPEc,1437927210799833097,Kendra Nicoleâ¤ï¸âš¾ï¸,1,0,3,0,"[-87.940033, 41.644102]","Chicago, IL",0,415,643,0,â¤ï¸âš¾ï¸,â¤ï¸âš¾ï¸,"['red_heart', 'baseball']"
54735,2021-09-06T17:08:37+00:00,@ElisaJordana I received this picture from John Wayne Melendez and I'm in fear for my life. https://t.co/pKy8WC400n,1434926525162430464,jim karwoski,0,0,2,0,"[-87.940033, 41.644102]","Chicago, IL",0,93,716,0,elisajordana received picture john wayne melendez im fear life,elisajordana i received thi pictur from john wayn melendez and im in fear for my lif,[]
10690,2021-09-02T23:20:24+00:00,@mjflover Funny thing is on Slammiversary weekend Big LG told us not to get hit by any more wrestlers &amp; that IMPACT taping Kenny was tossed into us.,1433570535514968074,SMARKING DOWN!,1,0,1,0,"[-87.940033, 41.644102]","Chicago, IL",0,475,715,0,mjflover funny thing slammiversary weekend big lg told us get hit wrestlers amp impact taping kenny tossed us,mjflover funny th is on slammiversary weekend big lg told us not to get hit by any mor wrestler amp that impact tap kenny was tossed into us,[]
125358,2021-09-13T20:32:52+00:00,@therachelslurrz https://t.co/bOIEAThcCW,1437514638334341127,Fallon,0,0,1,0,"[-87.940033, 41.644102]","Chicago, IL",0,389,606,0,therachelslurrz,therachelslurrz,[]
57439,2021-09-06T09:06:12+00:00,@kristinaabusch Suddenly these minutes are going by so slowly ğŸ˜‚,1434805120441720832,Nate,0,0,1,1,"[-87.940033, 41.644102]","Chicago, IL",0,2083,1976,0,kristinaabusch suddenly minutes going slowly ğŸ˜‚,kristinaabusch suddenly thes minute are go by so slowly ğŸ˜‚,['face_with_tears_of_joy']
9607,2021-09-01T01:03:48+00:00,Spotted with sheila - Jafar Amin https://t.co/I1yUpm5Unm via @YouTube,1432871781195517952,Jacqui H â€¢ JournalistÃ© Aujourdâ€™hui Uutiset Hoy ÎÎ­Î±,0,0,0,0,"[-87.940033, 41.644102]","Chicago, IL",0,85,1700,0,spotted sheila jafar amin via youtube,spotted with sheila jafar amin via youtub,[]
19552,2021-09-02T01:41:30+00:00,"https://t.co/Y7M5FwpvGg
That's it! Sofie Tukker",1433243655339487232,Kenny,0,0,0,0,"[-87.940033, 41.644102]","Chicago, IL",0,666,900,0,thats sofie tukker,that it sofi tukker,[]
125963,2021-09-13T19:18:12+00:00,Next week at this time Iâ€™ll be in Nice Fr (pending passport ğŸ˜¬) ğŸ¤,1437495848204705801,ish ğŸƒğŸ‘½ğŸ•·ğŸ¦‡ğŸ‘»ğŸ§Ÿâ€â™‚ï¸ğŸ§›ğŸ½,6,0,19,0,"[-87.940033, 41.644102]","Chicago, IL",0,6277,3953,0,next week time â€™ nice fr pending passport ğŸ˜¬ ğŸ¤,next week at thi tim i â€™ ll be in nic fr pend passport ğŸ˜¬ ğŸ¤,"['grimacing_face', 'crossed_fingers']"
182698,2021-09-18T13:12:52+00:00,@Stillberto Come on Arsenal!,1439215851014705152,The gentleman in the hot dog t-shirt,0,0,0,0,"[-87.940033, 41.644102]","Chicago, IL",0,119,653,0,stillberto come arsenal,stillberto com on arsenal,[]
206014,2021-09-20T04:14:31+00:00,Sunday Funday at the comedy club seeing Chris Kattan and other comedians!!#sundayfunday #chriskattan #snl #nightattheroxbury #zaniesrosemont @ Zanies Comedy Club Rosemont https://t.co/mT3W0LmFxl,1439805144657395712,CLK,0,0,0,0,"[-87.86738, 41.97826]","Rosemont, IL","['sundayfunday', 'chriskattan', 'snl', 'nightattheroxbury', 'zaniesrosemont']",25,375,0,sunday funday comedy club seeing chris kattan comedianssundayfunday chriskattan snl nightattheroxbury zaniesrosemont zanies comedy club rosemont,sunday funday at the comedy club see chri kattan and other comedianssundayfunday chriskattan snl nightattheroxbury zaniesrosemont zanie comedy club rosemont,[]
45339,2021-09-05T17:16:33+00:00,@billygee12 @TomthunkitsMind @StanKopiyka praying. lol.,1434566133496098821,Rocky Bandit,0,0,2,0,"[-87.940033, 41.644102]","Chicago, IL",0,639,1147,0,billygee12 tomthunkitsmind stankopiyka praying lol,billygee12 tomthunkitsmind stankopiyka pray lol,[]
256751,2021-09-25T06:29:14+00:00,@flavorstraw Donâ€™t ruin this for them,1441650985181478924,universal Ğ±ae(sic) income,1,0,1,0,"[-87.940033, 41.644102]","Chicago, IL",0,3012,1416,0,flavorstraw â€™ ruin,flavorstraw don â€™ t ruin thi for them,[]
100700,2021-09-10T00:46:48+00:00,Good drive from the GOAT @TomBrady #NFLKickoff #NFL https://t.co/kS2np6yMNK,1436128992394989573,John P. Sivels Sr.,0,0,0,0,"[-87.940033, 41.644102]","Chicago, IL","['NFLKickoff', 'NFL']",2,549,0,good drive goat tombrady nflkickoff nfl,good driv from the goat tombrady nflkickoff nfl,[]
297186,2021-09-29T11:26:54+00:00,Tremendo respaldo del canciller Guedes a ğŸ‡ºğŸ‡¾en la controversia con ğŸ‡¦ğŸ‡· sobre el Mercosur. A ver si son tan guapos los K contra ğŸ‡§ğŸ‡·.  Me parece que lo del â€œ lastreâ€ esta vez se lo tragan sin chistar.,1443175449534865416,Fernando Jimenez de Arechaga,4,41,169,0,"[-87.940033, 41.644102]","Chicago, IL",0,4218,526,0,tremendo respaldo del canciller guedes ğŸ‡ºğŸ‡¾en la controversia con ğŸ‡¦ğŸ‡· sobre el mercosur ver si son tan guapos los k contra ğŸ‡§ğŸ‡· parece que lo del â€œ lastre â€ esta vez se lo tragan sin chistar,tremendo respaldo del canciller guede a ğŸ‡ºğŸ‡¾en la controversia con ğŸ‡¦ğŸ‡· sobr el mercosur a ver si son tan guapo los k contra ğŸ‡§ğŸ‡· me parec que lo del â€œ lastr â€ esta vez se lo tragan sin chistar,"['Uruguay', 'Argentina', 'Brazil']"
22808,2021-09-03T20:21:34+00:00,"Itâ€™s 99 days til #TBOX2021 / get your low price tickets now!! Just $12.25-$13.25. #TBOX Festaâ€™s 25th Annual 12 Bars of Xmas #barcrawl in #Wrigleyville, #Chicago, Saturday, December 11, https://t.co/wvwdv7wHTF â¤ï¸ğŸ’š ğŸºğŸº #chcagoevents https://t.co/c3MWFbasCE",1433887915520692227,TBOX Bar Crawl ğŸ”¥ 12/11/21 ğŸ”¥ Chicago/Wrigleyville,0,0,2,0,"[-87.940033, 41.644102]","Chicago, IL","['TBOX2021', 'TBOX', 'barcrawl', 'Wrigleyville', 'Chicago', 'chcagoevents']",5017,484,0,â€™ 99 days til tbox2021 get low price tickets 12251325 tbox festa â€™ 25th annual 12 bars xmas barcrawl wrigleyville chicago saturday december 11 â¤ï¸ğŸ’š ğŸºğŸº chcagoevents,it â€™ s 99 day til tbox2021 get your low pric ticket now just 12251325 tbox festa â€™ s 25th annual 12 bar of xma barcrawl in wrigleyvill chicago saturday december 11 â¤ï¸ğŸ’š ğŸºğŸº chcagoevent,"['red_heart', 'green_heart', 'beer_mug', 'beer_mug']"
202256,2021-09-20T17:04:11+00:00,I know exactly why though.,1439998839453331463,Oct 1 ğŸ–¤ğŸ‡µğŸ‡­,0,0,1,0,"[-87.940033, 41.644102]","Chicago, IL",0,1432,1195,0,know exactly though,i know exactly why though,[]
265669,2021-09-26T16:25:01+00:00,@NJBearsFan fresh,1442163306475622401,Rocky Bandit,1,0,2,0,"[-87.940033, 41.644102]","Chicago, IL",0,639,1147,0,njbearsfan fresh,njbearsfan fresh,[]
230867,2021-09-23T20:06:06+00:00,Who's gonna ride (the border patrol's) wild horses?,1441131783416791046,Dave Van de Walle,0,0,0,0,"[-87.733451, 42.0191507]","Evanston, IL",0,10433,11390,0,whos gon na ride border patrols wild horses,who gon na rid the border patrol wild horse,[]
220549,2021-09-22T20:40:02+00:00,@sweetness3484 @shane_riordan I donâ€™t believe shit she said. Having interacted with those guys Iâ€™d let people have their opinions about 670 but individuals there are A-1.,1440777934671732736,#RipRemDog .,0,0,2,0,"[-87.940033, 41.644102]","Chicago, IL",0,869,1211,0,sweetness3484 shaneriordan â€™ believe shit said interacted guys â€™ let people opinions 670 individuals a1,sweetness3484 shaneriordan i don â€™ t believ shit she said hav interacted with thos guy i â€™ d let peopl hav their opinion about 670 but individual ther are a1,[]
203017,2021-09-20T15:56:13+00:00,LMFAO https://t.co/GaIb3BgdMk,1439981733986848773,Major BS ğŸ¸ğŸµâš¾ï¸,0,1,1,0,"[-87.940033, 41.644102]","Chicago, IL",0,1366,4943,0,lmfao,lmfao,[]
15982,2021-09-02T14:16:40+00:00,"@Pr3stss If it fits (and sometimes if it doesn't) it sits.
ğŸ˜‰",1433433698527895553,Demon Lord Illidan,0,0,1,0,"[-87.940033, 41.644102]","Chicago, IL",0,768,1031,0,pr3stss fits sometimes doesnt sitsğŸ˜‰,pr3sts if it fit and sometime if it doesnt it sitsğŸ˜‰,['winking_face']
199985,2021-09-20T21:16:41+00:00,Ğ¢Ğ¾Ğ»ÑŒĞºĞ¾ Ñ‡Ñ‚Ğ¾ Ğ¾Ğ¿ÑƒĞ±Ğ»Ğ¸ĞºĞ¾Ğ²Ğ°Ğ½Ğ¾ Ñ„Ğ¾Ñ‚Ğ¾ @ Fire House 51 Chicago Fire https://t.co/aQ2M1sP7zX,1440062382185664518,ğ™ˆğ™§ğ™¨ ğ˜¾ğ™ğ™ğ™ğ™–ğ™§ğ™™ğ™¨,0,0,0,0,"[-87.63273295, 41.88316661]","Chicago, IL",0,141,95,0,Ñ‚Ğ¾Ğ»ÑŒĞºĞ¾ Ñ‡Ñ‚Ğ¾ Ğ¾Ğ¿ÑƒĞ±Ğ»Ğ¸ĞºĞ¾Ğ²Ğ°Ğ½Ğ¾ Ñ„Ğ¾Ñ‚Ğ¾ fire house 51 chicago fire,Ñ‚Ğ¾Ğ»ÑŒĞºĞ¾ Ñ‡Ñ‚Ğ¾ Ğ¾Ğ¿ÑƒĞ±Ğ»Ğ¸ĞºĞ¾Ğ²Ğ°Ğ½Ğ¾ Ñ„Ğ¾Ñ‚Ğ¾ fir hous 51 chicago fir,[]
86629,2021-09-09T11:53:29+00:00,Football tonight,1435934380023853061,NIKE,0,2,1,0,"[-87.940033, 41.644102]","Chicago, IL",0,218,174,0,football tonight,football tonight,[]
136294,2021-09-14T21:08:06+00:00,"no one:
absolutely no one:
me, experiencing trauma that will become my entire personality for the next 10 months: https://t.co/lBKFRMvcu2",1437885892694261766,Tyler Thurston,0,0,3,0,"[-87.940033, 41.644102]","Chicago, IL",0,2955,958,0,oneabsolutely oneme experiencing trauma become entire personality next 10 months,no oneabsolutely no onem experienc trauma that will becom my entir personality for the next 10 month,[]
26146,2021-09-03T15:18:31+00:00,@andy_lea03 https://t.co/n2yqKDd70K,1433811653192192042,Patricia Yamane,0,0,1,0,"[-87.940033, 41.644102]","Chicago, IL",0,30917,31814,0,andylea03,andylea03,[]
289362,2021-09-28T01:33:42+00:00,@OmariJHardy Try here https://t.co/UoNEYnNIgW,1442663778919800833,Ron Ashlaw,0,0,0,0,"[-87.940033, 41.644102]","Chicago, IL",0,593,5003,0,omarijhardy try,omarijhardy try her,[]
297596,2021-09-29T06:12:58+00:00,I deserve love without hesitation,1443096442655150087,Char,0,0,0,0,"[-87.940033, 41.644102]","Chicago, IL",0,289,564,0,deserve love without hesitation,i deserv lov without hesitation,[]
19465,2021-09-02T01:50:14+00:00,Oh no Daffney. Please I hope somebody reaches her.,1433245855197319168,Paranoid Negroid,0,0,2,0,"[-87.940033, 41.644102]","Chicago, IL",0,941,1261,0,oh daffney please hope somebody reaches,oh no daffney pleas i hop somebody reache her,[]
203243,2021-09-20T15:30:54+00:00,@OzzyOsbourne i have this cd,1439975361501073421,benazirs_blog_,0,0,1,0,"[-87.940033, 41.644102]","Chicago, IL",0,489,1059,0,ozzyosbourne cd,ozzyosbourn i hav thi cd,[]
155146,2021-09-15T00:04:16+00:00,@MelissaDarrow Hooray!!! Iâ€™m so glad itâ€™s there and I hope you love it!,1437930229775880193,Lindsay Currie,0,0,2,0,"[-87.940033, 41.644102]","Chicago, IL",0,12031,4836,0,melissadarrow hooray â€™ glad â€™ hope love,melissadarrow hooray i â€™ m so glad it â€™ s ther and i hop you lov it,[]
103399,2021-09-11T20:32:16+00:00,"I want to see an Abreu statue at the ballpark once his time on the Southside is over, but how many statues are too many in a ballpark? #changethegame #WhiteSox",1436789714288263171,Dos Can Sox,3,0,5,0,"[-87.940033, 41.644102]","Chicago, IL","['changethegame', 'WhiteSox']",829,1351,0,want see abreu statue ballpark time southside many statues many ballpark changethegame whitesox,i want to see an abreu statu at the ballpark onc his tim on the southsid is over but how many statue are too many in a ballpark changethegam whitesox,[]
177922,2021-09-18T21:10:00+00:00,"K guys Iâ€™m taking off, wish me a safe flight",1439335925356564488,e,2,0,35,0,"[-87.940033, 41.644102]","Chicago, IL",0,22731,1077,0,k guys â€™ taking wish safe flight,k guy i â€™ m tak off wish me a saf flight,[]
154753,2021-09-15T00:40:05+00:00,1657 North Keystone Avenue https://t.co/D9ZerwHZW3,1437939241959530500,every lot chicago,0,0,1,0,"[-87.72725, 41.91152]","Chicago, IL",0,4879,4,0,1657 north keystone avenue,1657 north keyston avenu,[]
210820,2021-09-21T20:31:11+00:00,@WestLoopTom My wife has been trying to figure where she left last nightâ€™s ranch.,1440413318426992646,Clark in Chicago,0,0,1,0,"[-87.940033, 41.644102]","Chicago, IL",0,629,1463,0,westlooptom wife trying figure left last night â€™ ranch,westlooptom my wif has been try to figur wher she left last night â€™ s ranch,[]
140930,2021-09-14T12:11:34+00:00,"yup, everytime ğŸ˜­ https://t.co/GWVcdh52IW",1437750872851759111,l e x i e ğŸ§šğŸ¾ âœ¨,0,0,0,0,"[-87.940033, 41.644102]","Chicago, IL",0,1487,2188,0,yup everytime ğŸ˜­,yup everytim ğŸ˜­,['loudly_crying_face']
61964,2021-09-07T22:06:41+00:00,I do agree more grown people need hands put on them https://t.co/spdAAX4lGb,1435363922941517825,Prod. Leeko sama,0,0,1,0,"[-87.940033, 41.644102]","Chicago, IL",0,945,1337,0,agree grown people need hands put,i do agre mor grown peopl need hand put on them,[]
283025,2021-09-28T20:57:40+00:00,Going live with some crazy new friends right now on @NBA TikTok! https://t.co/Bh9kbQapWH,1442956699686486016,Jason Zone Fisher,0,1,2,0,"[-87.67403650229355, 41.88140096800735]",United Center,0,2575,727,0,going live crazy new friends right nba tiktok,go liv with som crazy new friend right now on nba tiktok,[]
116213,2021-09-12T18:05:23+00:00,"We're reading from the book of Joshua today. Pastor must've said Joshua , Joshua, Joshua, Joshua, Joshua, im in here weak. ğŸ˜©ğŸ˜­ğŸ˜¢",1437115137400446981,Candace,1,0,0,0,"[-87.940033, 41.644102]","Chicago, IL",0,1,33,0,reading book joshua today pastor mustve said joshua joshua joshua joshua joshua im weak ğŸ˜©ğŸ˜­ğŸ˜¢,wer read from the book of joshua today pastor mustv said joshua joshua joshua joshua joshua im in her weak ğŸ˜©ğŸ˜­ğŸ˜¢,"['weary_face', 'loudly_crying_face', 'crying_face']"
78160,2021-09-08T02:53:26+00:00,Hah. That Carrot Juice ğŸ¥• ğŸ¥¤!! https://t.co/6fOec5Ardl,1435436085488795648,Victor A. Ramirez ğŸ‡µğŸ‡·ğŸ¢,0,0,2,0,"[-87.940033, 41.644102]","Chicago, IL",0,941,2525,0,hah carrot juice ğŸ¥• ğŸ¥¤,hah that carrot juic ğŸ¥• ğŸ¥¤,"['carrot', 'cup_with_straw']"
302134,2021-09-30T21:30:08+00:00,3563 West Medill Avenue https://t.co/wxjHSB1Fn9,1443689646987300868,every lot chicago,0,0,1,0,"[-87.71615, 41.92344]","Chicago, IL",0,4880,4,0,3563 west medill avenue,3563 west medill avenu,[]
66099,2021-09-07T13:42:23+00:00,@GueuzeyJen Reminds me too much of my childhood ğŸ˜,1435237011519123460,Jess dba Anhalt,0,0,2,0,"[-87.940033, 41.644102]","Chicago, IL",0,3215,2149,0,gueuzeyjen reminds much childhood ğŸ˜,gueuzeyjen remind me too much of my childhood ğŸ˜,['squinting_face_with_tongue']
124199,2021-09-13T22:26:43+00:00,ğŸ˜‚ğŸ˜‚ğŸ˜‚ğŸ˜‚ğŸ˜‚ğŸ˜‚ğŸ˜‚ğŸ˜‚ğŸ˜‚ https://t.co/Hex9eANAr4,1437543290119856129,mel,0,0,0,0,"[-87.940033, 41.644102]","Chicago, IL",0,249,593,0,ğŸ˜‚ğŸ˜‚ğŸ˜‚ğŸ˜‚ğŸ˜‚ğŸ˜‚ğŸ˜‚ğŸ˜‚ğŸ˜‚,ğŸ˜‚ğŸ˜‚ğŸ˜‚ğŸ˜‚ğŸ˜‚ğŸ˜‚ğŸ˜‚ğŸ˜‚ğŸ˜‚,"['face_with_tears_of_joy', 'face_with_tears_of_joy', 'face_with_tears_of_joy', 'face_with_tears_of_joy', 'face_with_tears_of_joy', 'face_with_tears_of_joy', 'face_with_tears_of_joy', 'face_with_tears_of_joy', 'face_with_tears_of_joy']"
262878,2021-09-26T19:41:57+00:00,@jon_greenberg Maybe you can upgrade to Illini football?,1442212869349707776,Teddy Greenstein,2,0,8,0,"[-87.940033, 41.644102]","Chicago, IL",0,27291,1668,0,jongreenberg maybe upgrade illini football,jongreenberg mayb you can upgrad to illini football,[]
282651,2021-09-28T21:52:10+00:00,ğŸ›« from Chicago to San Antonio!,1442970415740030977,âš¾ï¸PROUD Future Astros Host Mom âš¾ï¸,2,0,4,0,"[-87.940033, 41.644102]","Chicago, IL",0,1671,1817,0,ğŸ›« chicago san antonio,ğŸ›« from chicago to san antonio,['airplane_departure']
188367,2021-09-19T21:34:45+00:00,"Wait, so Evan Peters has never won an #Emmy for any of his American Horror Story charactersâ€¦. https://t.co/F4gwdZmAtR",1439704539964350471,RoGina,0,0,0,0,"[-87.940033, 41.644102]","Chicago, IL",['Emmy'],1888,2193,0,wait evan peters never emmy american horror story charactersâ€¦,wait so evan peter has never won an emmy for any of his american horror story charactersâ€¦,[]
46631,2021-09-05T14:44:53+00:00,ğŸ¤°ğŸ½ https://t.co/82knEK4t5b,1434527965661048834,ğŸ˜®â€ğŸ’¨,0,0,2,0,"[-87.940033, 41.644102]","Chicago, IL",0,115,156,0,ğŸ¤°ğŸ½,ğŸ¤°ğŸ½,['pregnant_woman_medium_skin_tone']
101007,2021-09-10T00:22:51+00:00,"LIKE. bro. i am the nicest, chillest person and iâ€™m so friendly w everyone. but other gaysâ€¦they do not like me.",1436122964198666241,meek,0,0,0,0,"[-87.940033, 41.644102]","Chicago, IL",0,1808,247,0,like bro nicest chillest person â€™ friendly w everyone gaysâ€¦they like,lik bro i am the nicest chillest person and i â€™ m so friendly w everyon but other gaysâ€¦they do not lik me,[]
276093,2021-09-27T15:44:36+00:00,"@tewhalen ğŸ˜¡ 

ğŸ¥º",1442515526568251399,Ugo Okere ğŸŒ¹,0,0,1,0,"[-87.940033, 41.644102]","Chicago, IL",0,4805,952,0,tewhalen ğŸ˜¡ ğŸ¥º,tewhalen ğŸ˜¡ ğŸ¥º,"['pouting_face', 'pleading_face']"
293763,2021-09-29T18:12:37+00:00,ğŸ”¥ğŸ”¥ğŸ”¥ğŸ”¥ https://t.co/mXEHo3lnfS,1443277549166071812,Thelonious Martin,1,1,11,0,"[-87.940033, 41.644102]","Chicago, IL",0,27322,2999,0,ğŸ”¥ğŸ”¥ğŸ”¥ğŸ”¥,ğŸ”¥ğŸ”¥ğŸ”¥ğŸ”¥,"['fire', 'fire', 'fire', 'fire']"
301819,2021-09-30T22:05:04+00:00,@aubschrist Dude nice,1443698437162217474,Fat Blout Fall,1,0,1,0,"[-87.940033, 41.644102]","Chicago, IL",0,678,561,0,aubschrist dude nice,aubschrist dud nic,[]
184507,2021-09-18T03:52:10+00:00,"@SeanRossSapp Lol that demo news stung. Iâ€™m with it, that match should be a banger.",1439074742586298370,Mean Green Smokerlund,0,0,5,0,"[-87.940033, 41.644102]","Chicago, IL",0,148,397,0,seanrosssapp lol demo news stung â€™ match banger,seanrosssapp lol that demo new stung i â€™ m with it that match should be a banger,[]
147559,2021-09-15T18:53:16+00:00,ooooo sex education season 3!,1438214350712492034,(uncle) lazo,3,0,7,0,"[-87.940033, 41.644102]","Chicago, IL",0,1261,763,0,ooooo sex education season 3,ooooo sex education season 3,[]
248724,2021-09-24T00:49:46+00:00,@_bri0nna https://t.co/J88epmPqwB,1441203167610482688,Crystal,0,0,0,0,"[-87.940033, 41.644102]","Chicago, IL",0,2817,3186,0,bri0nna,bri0nna,[]
33299,2021-09-04T21:53:46+00:00,Damn you niggas &amp; bitches still hating Iâ€™m just warming upğŸ¤£â€¼ï¸,1434273507618271238,E,0,1,2,0,"[-87.940033, 41.644102]","Chicago, IL",0,136,206,0,damn niggas amp bitches still hating â€™ warming upğŸ¤£â€¼ï¸,damn you nigga amp bitche still hat i â€™ m just warm upğŸ¤£â€¼ï¸,"['rolling_on_the_floor_laughing', 'double_exclamation_mark']"
275987,2021-09-27T15:57:40+00:00,@negrademivida1 Ay! ğŸ˜¬,1442518815066185729,ğŸ‡¦ ğŸ‡³ ğŸ‡¬ ğŸ‡® ğŸ‡ª ğŸ,0,0,1,0,"[-87.940033, 41.644102]","Chicago, IL",0,14381,12576,0,negrademivida1 ay ğŸ˜¬,negrademivida1 ay ğŸ˜¬,['grimacing_face']
112482,2021-09-12T23:18:36+00:00,My rabbit chewed my damn ring light cord ğŸ˜­ğŸ˜­ğŸ˜­ğŸ˜­ğŸ˜­ IN HALF.,1437193960968105986,bbygrl.k,0,0,0,0,"[-87.940033, 41.644102]","Chicago, IL",0,2677,1354,0,rabbit chewed damn ring light cord ğŸ˜­ğŸ˜­ğŸ˜­ğŸ˜­ğŸ˜­ half,my rabbit chewed my damn r light cord ğŸ˜­ğŸ˜­ğŸ˜­ğŸ˜­ğŸ˜­ in half,"['loudly_crying_face', 'loudly_crying_face', 'loudly_crying_face', 'loudly_crying_face', 'loudly_crying_face']"
256331,2021-09-25T11:37:37+00:00,"From The Economist Espresso: Frilling: Antwerp lace

https://t.co/3s9BeF0axY",1441728593705390088,Bruce le parisien ute fan,0,0,0,0,"[-87.940033, 41.644102]","Chicago, IL",0,1366,4265,0,economist espresso frilling antwerp lace,from the economist espresso frill antwerp lac,[]
206281,2021-09-20T03:39:51+00:00,60619: Constant drones or airplanes @FAA @TheFAA @NASA @NASAKennedy @NASAJohnson @thehill @mayorrahm @gov @epagov @ Chicago O'Hare International Airport https://t.co/ea7mPmNh4v,1439796419934580741,Jacqui Henderson Nouvelles,0,0,0,0,"[-87.90120921, 41.97655691]","Chicago, IL",0,22,378,0,60619 constant drones airplanes faa thefaa nasa nasakennedy nasajohnson thehill mayorrahm gov epagov chicago ohare international airport,60619 constant drone or airplane faa thefaa nasa nasakennedy nasajohnson thehill mayorrahm gov epagov chicago ohar international airport,[]
39371,2021-09-04T04:33:25+00:00,@maledebutante Likewise hoe,1434011693718327296,Larry Rafferty,1,0,0,0,"[-87.940033, 41.644102]","Chicago, IL",0,264,376,0,maledebutante likewise hoe,maledebutant likewis hoe,[]
240252,2021-09-24T22:15:44+00:00,"Congrats @William_Texas07!
@BoiseState @BoiseStateCJ https://t.co/sAIEQsS8MF",1441526793417146371,Dr. LBLogic,0,0,15,0,"[-87.940033, 41.644102]","Chicago, IL",0,1387,1946,0,congrats williamtexas07boisestate boisestatecj,congrat williamtexas07boisestat boisestatecj,[]
136175,2021-09-14T21:20:21+00:00,@unlikelybkstore @KoryJMerritt @VeeraHira @WriteinBK @r_balcarcel @farahnazrishi @horrorandbrains Thank you so much h for stocking WHAT LIVES IN THE WOODS â¤ï¸â¤ï¸,1437888978821206023,Lindsay Currie,0,0,3,0,"[-87.940033, 41.644102]","Chicago, IL",0,12031,4836,0,unlikelybkstore koryjmerritt veerahira writeinbk rbalcarcel farahnazrishi horrorandbrains thank much h stocking lives woods â¤ï¸â¤ï¸,unlikelybkstor koryjmerritt veerahira writeinbk rbalcarcel farahnazrishi horrorandbrain thank you so much h for stock what live in the wood â¤ï¸â¤ï¸,"['red_heart', 'red_heart']"
265303,2021-09-26T16:59:37+00:00,@jongmboa Estoy de acuerdo! âœ…,1442172015243370497,ğŸ‡¦ ğŸ‡³ ğŸ‡¬ ğŸ‡® ğŸ‡ª ğŸ,1,0,1,0,"[-87.940033, 41.644102]","Chicago, IL",0,14381,12576,0,jongmboa estoy de acuerdo âœ…,jongmboa estoy de acuerdo âœ…,['check_mark_button']
292839,2021-09-29T19:51:28+00:00,@cri_ink si pls ğŸ˜¬,1443302427973885968,lover boy âš“ï¸ğŸŒ»ğŸ¬,0,0,0,0,"[-87.940033, 41.644102]","Chicago, IL",0,212,207,0,criink si pls ğŸ˜¬,criink si pls ğŸ˜¬,['grimacing_face']
234214,2021-09-23T14:40:05+00:00,"@mprepelica @ThisIsHCHS @hcfootball @RedDevilsAD @HCHSActivities @RedDevilSpirit 7pm, most of my graphics were done before the 7pm times came out.",1441049736727830542,Coach Ryan McHugh,1,0,0,0,"[-87.798798, 41.68331]","Oak Lawn, IL",0,1385,1894,0,mprepelica thisishchs hcfootball reddevilsad hchsactivities reddevilspirit 7pm graphics done 7pm times came,mprepelica thisishch hcfootball reddevilsad hchsactivitie reddevilspirit 7pm most of my graphic wer don befor the 7pm time cam out,[]
33696,2021-09-04T21:12:16+00:00,Just posted a photo @ RED ROOM Comedy Club https://t.co/xLmvzcOfpZ,1434263064719859717,Darrick Jones,0,0,0,0,"[-87.69035, 42.01832434]","Chicago, IL",0,282,447,0,posted photo red room comedy club,just posted a photo red room comedy club,[]
42087,2021-09-05T23:34:21+00:00,Just bought some new Serenity By Jan candles! â¤ï¸â¤ï¸â¤ï¸â¤ï¸,1434661208125227009,Jerel ğŸ³ï¸â€ğŸŒˆ â€¢ğŸ’‹Ã—o,2,0,5,0,"[-87.940033, 41.644102]","Chicago, IL",0,596,4975,0,bought new serenity jan candles â¤ï¸â¤ï¸â¤ï¸â¤ï¸,just bought som new serenity by jan candle â¤ï¸â¤ï¸â¤ï¸â¤ï¸,"['red_heart', 'red_heart', 'red_heart', 'red_heart']"
247407,2021-09-24T02:46:57+00:00,The line on the number of days it takes the NHL to hire a cishet white woman for this role is 13.5 https://t.co/Mo0lJsTCGF,1441232661025021953,Derek Helling,0,0,0,0,"[-87.940033, 41.644102]","Chicago, IL",0,1192,995,0,line number days takes nhl hire cishet white woman role 135,the lin on the number of day it take the nhl to hir a cishet whit woman for thi rol is 135,[]
12168,2021-09-02T20:41:31+00:00,#LOLz https://t.co/IGewF51JPk,1433530548471975938,White Sox Barber ğŸ’ˆ,0,0,0,0,"[-87.940033, 41.644102]","Chicago, IL",['LOLz'],1461,1098,0,lolz,lolz,[]
91797,2021-09-10T21:36:39+00:00,Me last night ğŸ˜© https://t.co/4Hkw5PAzVN,1436443527345577991,The Millennial Taye Diggs âœŠğŸ¾,0,0,1,0,"[-87.940033, 41.644102]","Chicago, IL",0,284,307,0,last night ğŸ˜©,me last night ğŸ˜©,['weary_face']
92395,2021-09-10T20:34:29+00:00,"@SerpicoDet those make me cringe i hate their childish behavior  this bs is ok for kids for crying out loud not grown-ups  good grief they are such blockheads and they need to grow the hell up 

P.S. GOOD GRIEF AND BLOCKHEADS CAME FROM READING AND WATCHING EVERY SHOW WITH SNOOPY IN IT",1436427884911120386,benazirs_blog_,0,0,2,0,"[-87.940033, 41.644102]","Chicago, IL",0,489,1060,0,serpicodet make cringe hate childish behavior bs ok kids crying loud grownups good grief blockheads need grow hell ps good grief blockheads came reading watching every show snoopy,serpicodet thos mak me cring i hat their childish behavior thi bs is ok for kid for cry out loud not grownup good grief they are such blockhead and they need to grow the hell up ps good grief and blockhead cam from read and watch every show with snoopy in it,[]
187197,2021-09-19T23:27:58+00:00,@RiotFest @simpleplan Great tele,1439733032458534914,palmer,0,0,1,0,"[-87.733451, 42.0191507]","Evanston, IL",0,245,579,0,riotfest simpleplan great tele,riotfest simpleplan great tel,[]
185160,2021-09-18T02:48:36+00:00,https://t.co/jo2b5z0RuS,1439058748862078978,DeStavster Cousins,0,0,2,0,"[-87.940033, 41.644102]","Chicago, IL",0,1546,1077,0,,,[]
130647,2021-09-13T04:00:32+00:00,ğŸ˜‚ğŸ˜‚ğŸ˜‚ğŸ˜‚ğŸ˜‚ https://t.co/vrQo0bK2vP,1437264910157852676,Mariel Pittman,0,0,0,0,"[-87.940033, 41.644102]","Chicago, IL",0,572,566,0,ğŸ˜‚ğŸ˜‚ğŸ˜‚ğŸ˜‚ğŸ˜‚,ğŸ˜‚ğŸ˜‚ğŸ˜‚ğŸ˜‚ğŸ˜‚,"['face_with_tears_of_joy', 'face_with_tears_of_joy', 'face_with_tears_of_joy', 'face_with_tears_of_joy', 'face_with_tears_of_joy']"
103505,2021-09-11T20:23:47+00:00,@kndlela55 Her name is Shanti,1436787577663668229,Mark Smithivas âš¡ï¸ ğŸš€,1,0,1,0,"[-87.940033, 41.644102]","Chicago, IL",0,2412,3725,0,kndlela55 name shanti,kndlela55 her nam is shanti,[]
92012,2021-09-10T21:13:50+00:00,The one star on the Texas flag is a Google review,1436437786387628035,â™ŸThicccolas ElliottğŸŒ½,1,0,2,0,"[-87.940033, 41.644102]","Chicago, IL",0,2766,446,0,one star texas flag google review,the one star on the texa flag is a googl review,[]
12872,2021-09-02T19:26:51+00:00,"â€œGet your pretty ass right here, 'cause I miss youâ€ğŸ¥°",1433511759541936131,BOOJIE ğŸ’‹,0,0,0,0,"[-87.940033, 41.644102]","Chicago, IL",0,2864,3143,0,â€œ get pretty ass right cause miss â€ ğŸ¥°,â€œ get your pretty ass right her caus i mis you â€ ğŸ¥°,['smiling_face_with_hearts']
309341,2021-09-30T01:57:03+00:00,@morgaaanaaa_ lmfaoooo ğŸ’€ i'm only deleting this if the h*ve starts coming for me ğŸ¤£,1443394428312465411,l e x i e ğŸ§šğŸ¾ âœ¨,1,0,1,0,"[-87.940033, 41.644102]","Chicago, IL",0,1487,2188,0,morgaaanaaa lmfaoooo ğŸ’€ im deleting hve starts coming ğŸ¤£,morgaaanaaa lmfaoooo ğŸ’€ im only delet thi if the hve start com for me ğŸ¤£,"['skull', 'rolling_on_the_floor_laughing']"
100298,2021-09-10T01:21:01+00:00,@BCWeber00 @peterwendlerCR @ThnderCatzCards @t_vguy @DegaVintage @WicketSMP199 @DJSchrum2 Gonna have to come up quite a bit,1436137602176929792,Chuck,1,0,1,0,"[-87.940033, 41.644102]","Chicago, IL",0,1269,1298,0,bcweber00 peterwendlercr thndercatzcards tvguy degavintage wicketsmp199 djschrum2 gon na come quite bit,bcweber00 peterwendlercr thndercatzcard tvguy degavintag wicketsmp199 djschrum2 gon na hav to com up quit a bit,[]
84929,2021-09-09T15:30:28+00:00,@marquesharveyNB @zakklemmerrr @kirbycar47 @JacobBooth6 @ProFootballTalk Look at us a respectful discussion on Twitterâ€¦who would have thought. Who Dey my man.,1435988986636423181,Apple Juice,1,0,1,0,"[-87.940033, 41.644102]","Chicago, IL",0,187,1122,0,marquesharveynb zakklemmerrr kirbycar47 jacobbooth6 profootballtalk look us respectful discussion twitterâ€¦who would thought dey man,marquesharveynb zakklemmerrr kirbycar47 jacobbooth6 profootballtalk look at us a respectful discussion on twitterâ€¦who would hav thought who dey my man,[]
245433,2021-09-24T12:52:56+00:00,"So lysol's having a good year, right?",1441385160629497858,Katie,0,4,3,0,"[-87.940033, 41.644102]","Chicago, IL",0,571,540,0,lysols good year right,so lysol hav a good year right,[]
195777,2021-09-19T05:55:43+00:00,@RoJamesXIX LAST CIGARETTE BY Ro James on play..ğŸ¶bout to start another day ğŸ¶... Teamro's ğŸŒ¹ #Eldorado https://t.co/iEg1q9zqjr,1439468226715561984,Cassandra Palmateer,0,0,1,0,"[-87.940033, 41.644102]","Chicago, IL",['Eldorado'],1462,3428,0,rojamesxix last cigarette ro james playğŸ¶bout start another day ğŸ¶ teamros ğŸŒ¹ eldorado,rojamesxix last cigarett by ro jame on playğŸ¶bout to start another day ğŸ¶ teamro ğŸŒ¹ eldorado,"['musical_notes', 'musical_notes', 'rose']"
253125,2021-09-25T17:45:38+00:00,@geoffschwartz I paid hundreds to attend to travel and attend this game and this is what I get.,1441821207725101061,Nathan Lewandowski,0,0,1,0,"[-87.940033, 41.644102]","Chicago, IL",0,372,736,0,geoffschwartz paid hundreds attend travel attend game get,geoffschwartz i paid hundred to attend to travel and attend thi gam and thi is what i get,[]
227872,2021-09-22T00:41:10+00:00,@damnsonImFine Wtf,1440476230453587975,290QueenğŸ’“ğŸ‘‘ğŸ‘¸ğŸ½ğŸ˜»,0,0,0,0,"[-87.940033, 41.644102]","Chicago, IL",0,828,798,0,damnsonimfine wtf,damnsonimfin wtf,[]
76727,2021-09-08T06:34:52+00:00,@CheckMateHere https://t.co/35OH5dNYF8,1435491812559495172,Justin Ehrenhofer ğŸ‚ğŸ³ï¸â€ğŸŒˆ,1,0,1,0,"[-87.940033, 41.644102]","Chicago, IL",0,3998,220,0,checkmatehere,checkmateher,[]
246531,2021-09-24T04:42:54+00:00,https://t.co/GapSEa1uKq https://t.co/2n3MLaETR9,1441261840323932163,Twilla,1,0,1,0,"[-87.940033, 41.644102]","Chicago, IL",0,1040,446,0,,,[]
127821,2021-09-13T15:54:23+00:00,"@Jasmina6817 @mit_your_faults @MattWalshBlog @SaneScitZo Not the brightest bulb huh Jasmine, I feel sorry for you, you poor thing...",1437444555704504323,David Has Had Enough Of This Shit,0,0,0,0,"[-87.798589, 41.690256]","Chicago Ridge, IL",0,1043,1192,0,jasmina6817 mityourfaults mattwalshblog sanescitzo brightest bulb huh jasmine feel sorry poor thing,jasmina6817 mityourfault mattwalshblog sanescitzo not the brightest bulb huh jasmin i feel sorry for you you poor th,[]
84612,2021-09-09T16:04:40+00:00,@WonderingMindz @thiiirdperson Me too lmao,1435997595172757505,Nate Paulson,0,0,1,0,"[-87.940033, 41.644102]","Chicago, IL",0,801,255,0,wonderingmindz thiiirdperson lmao,wonderingmindz thiiirdperson me too lmao,[]
84674,2021-09-09T15:57:37+00:00,@pitchforkfest bro can i PLEASE bring in my foldable chair,1435995820797616129,ralph nader 2000 supporter,0,0,0,0,"[-87.940033, 41.644102]","Chicago, IL",0,1022,923,0,pitchforkfest bro please bring foldable chair,pitchforkfest bro can i pleas br in my fold chair,[]
190619,2021-09-19T18:53:44+00:00,"Fields is more talented. 

Fields is more athletic.

Fields is the future.

Dalton is the best QB right now.

If you want the #Bears to win right now. Dalton is that dude. 

#hottakes #chicagobears #DaBears #BearsNation #CHIvsCIN",1439664018755567616,Daniel Allen,0,0,0,0,"[-87.820078, 41.6457104]","Palos Heights, IL","['Bears', 'hottakes', 'chicagobears', 'DaBears', 'BearsNation', 'CHIvsCIN']",44,78,0,fields talented fields athleticfields futuredalton best qb right nowif want bears win right dalton dude hottakes chicagobears dabears bearsnation chivscin,field is mor talented field is mor athleticfield is the futuredalton is the best qb right nowif you want the bear to win right now dalton is that dud hottake chicagobear dabear bearsnation chivscin,[]
245108,2021-09-24T13:37:06+00:00,@faisal_fareed @SdqJaan Allah inko jannat may aala muqaam ata karay,1441396275799150601,Syed,0,0,0,0,"[-87.825792, 42.022717]","Morton Grove, IL",0,81,168,0,faisalfareed sdqjaan allah inko jannat may aala muqaam ata karay,faisalfareed sdqjaan allah inko jannat may aala muqaam ata karay,[]
2986,2021-09-01T18:38:00+00:00,â€œFree to takeâ€- the ugliest piece of furniture youâ€™ve ever seen,1433137079198883843,Tyler Thurston,0,0,2,0,"[-87.940033, 41.644102]","Chicago, IL",0,2954,958,0,â€œ free take â€ ugliest piece furniture â€™ ever seen,â€œ fre to tak â€ the ugliest piec of furnitur you â€™ ve ever seen,[]
114410,2021-09-12T20:38:55+00:00,@thedailybeast @mattklewis Except he is saving lives. DeSantis is actively killing people. See the difference?,1437153774473302027,rich sommers,0,0,1,0,"[-87.940033, 41.644102]","Chicago, IL",0,16,67,0,thedailybeast mattklewis except saving lives desantis actively killing people see difference,thedailybeast mattklewi except he is sav live desanti is actively kill peopl see the differenc,[]
243136,2021-09-24T17:05:08+00:00,"Mr. Shakey ğŸğŸŠ PINEAPPLE-ORANGE ğŸğŸŠ drinks like a fruity, creamy, ice cream parlor milkshake and this time we've got the pineapple orange fever. Stop by the Lounge place a web-store order for a 4-pack (link in bio).

Limited distribution to CHICAGOLAND starts this week. https://t.co/xUTj6qbwes",1441448629160534021,Maplewood Brewing,1,0,7,0,"[-87.940033, 41.644102]","Chicago, IL",0,6944,355,0,mr shakey ğŸğŸŠ pineappleorange ğŸğŸŠ drinks like fruity creamy ice cream parlor milkshake time weve got pineapple orange fever stop lounge place webstore order 4pack link biolimited distribution chicagoland starts week,mr shakey ğŸğŸŠ pineappleorang ğŸğŸŠ drink lik a fruity creamy ice cream parlor milkshak and thi tim wev got the pineappl orang fever stop by the loung plac a webstor order for a 4pack link in biolimited distribution to chicagoland start thi week,"['pineapple', 'tangerine', 'pineapple', 'tangerine']"
41594,2021-09-04T00:26:14+00:00,"Flavor packed w/ bite, the Pipeworks way! ğŸ¦„ ğŸ¤˜ğŸ»ğŸ» - Drinking a Magic Being by @PipeworksBrewin @ Gates Of Ale IV  â€” https://t.co/LAiclrk3bN",1433949488243265537,ğŸ Eternally Autumnal ğŸ‚,0,0,0,0,"[-87.6334457, 41.870533]","Chicago, IL",0,455,2619,0,flavor packed w bite pipeworks way ğŸ¦„ ğŸ¤˜ğŸ»ğŸ» drinking magic pipeworksbrewin gates ale iv â€”,flavor packed w bit the pipework way ğŸ¦„ ğŸ¤˜ğŸ»ğŸ» drink a magic be by pipeworksbrewin gate of ale iv â€”,"['unicorn', 'sign_of_the_horns_light_skin_tone', 'clinking_beer_mugs']"
307197,2021-09-30T09:23:14+00:00,@thedatingboss Yes! And being Equally Yoked!,1443506714251337731,#StellaBeeOnAir,0,0,0,0,"[-87.940033, 41.644102]","Chicago, IL",0,217,1976,0,thedatingboss yes equally yoked,thedatingbos yes and be equally yoked,[]
135580,2021-09-14T22:20:36+00:00,I try to keep my tweets art related but yâ€™all gone see some weird shit from time to time and Iâ€™m not sorry bout it but Iâ€™ll acknowledge it ğŸŒ¸,1437904138008940546,Wrecks,3,1,12,0,"[-87.940033, 41.644102]","Chicago, IL",0,1538,1275,0,try keep tweets art related â€™ gone see weird shit time time â€™ sorry bout â€™ acknowledge ğŸŒ¸,i try to keep my tweet art related but y â€™ all gon see som weird shit from tim to tim and i â€™ m not sorry bout it but i â€™ ll acknowledg it ğŸŒ¸,['cherry_blossom']
25237,2021-09-03T16:37:12+00:00,"@couchandtherube @AAOHARRY @JKnick30 

Bets are in: 

MSU O 5.0 wins 
UM U 7.5 wins 
Soto NL mvp (+12,000 odds boosted) 

Parlay (+300) 
ClemUga O 45 
Iowa ML
Wisc ML",1433831454035873797,Tyler,1,0,2,0,"[-87.940033, 41.644102]","Chicago, IL",0,474,371,0,couchandtherube aaoharry jknick30 bets msu 50 wins um u 75 wins soto nl mvp 12000 odds boosted parlay 300 clemuga 45 iowa mlwisc ml,couchandtherub aaoharry jknick30 bet are in msu o 50 win um u 75 win soto nl mvp 12000 odd boosted parlay 300 clemuga o 45 iowa mlwisc ml,[]
122003,2021-09-12T01:41:01+00:00,@Aylward24 I wish I hit that well in MLB the Show,1436867413346340864,Josh Nelson,1,0,1,0,"[-87.940033, 41.644102]","Chicago, IL",0,11007,1472,0,aylward24 wish hit well mlb show,aylward24 i wish i hit that well in mlb the show,[]
60383,2021-09-06T00:52:12+00:00,https://t.co/Ce4UQfgxlh,1434680800361041920,WoodlawnWonder,1,0,0,0,"[-87.940033, 41.644102]","Chicago, IL",0,1887,814,0,,,[]
178705,2021-09-18T19:58:14+00:00,@tigersgoroooar @downinthewell Best section.,1439317861487583239,Pu$$y-Cow,0,0,3,0,"[-87.940033, 41.644102]","Chicago, IL",0,969,1121,0,tigersgoroooar downinthewell best section,tigersgoroooar downinthewell best section,[]
216702,2021-09-21T02:41:08+00:00,"ÙƒÙ„Ù‘Ù…Ø§ Ø°ÙÙƒÙØ±Øª Ø§Ù„Ù‚Ø¯Ø³ Ø£Ùˆ ÙˆØ¬Ø¯Øª Ø´ÙŠØ¦Ù‹Ø§ Ù…Ù† Ø±ÙŠØ­Ù‡Ø§ Ø´Ø¹Ø±Øª Ø¨Ø±ØºØ¨Ø© Ø´Ø¯ÙŠØ¯Ø© ÙÙŠ ØªØ±Ø¯ÙŠØ¯ Ø§Ø¹ØªØ°Ø§Ø±ÙŠ Ù‡Ø°Ø§ Ù…Ø§ Ø­ÙŠÙŠØª ...
Ù‡Ù„ ØªÙ‚Ø¨Ù„ÙŠÙ†Ù Ø§Ù„Ø¹Ø°Ø±Ù ÙŠØ§ Ù‚Ø¯Ø³ÙŒ Ø£Ù†Ø§
Ù‚Ø¯ ØµØ±ØªÙ Ù…Ø«Ù„ÙƒÙ ØµØ§Ù…ØªØ§ Ù…Ø¬Ø¨ÙˆØ±Ø§
Ù‡Ù„ ØªÙ‚Ø¨Ù„ÙŠÙ†Ù Ø¥Ø°Ø§ Ø¹Ù„Ù…ØªÙ Ø£Ù†ÙƒÙ ...
ÙÙŠ Ø§Ù„ÙƒÙˆÙ†Ù Ù†ÙˆØ±ÙŒ Ù†Ø§Ø²Ø¹Ù Ø§Ù„Ø¯ÙŠØ¬ÙÙˆØ±Ø§
Ù‡Ù„ ØªÙ‚Ø¨Ù„ÙŠÙ†Ù Ø§Ù„Ø¹Ø°Ø±Ù ÙŠØ§ Ø£Ø³Ø·ÙˆØ±ØªÙŠ
Ø£Ø£Ø¹ÙˆØ¯Ù ÙŠØ§ Ø£Ø³Ø·ÙˆØ±ØªÙŠ Ù…Ø¹Ø°ÙˆØ±Ø§ØŸ! https://t.co/1eos9X6MAC",1440144032944967682,Ù„ÙŠÙ‘Ù†Ù‡ |ğŸ‡µğŸ‡¸,0,1,0,0,"[-87.80125620359672, 41.73376040294672]",Al Bawadi Grill,0,366,540,0,ÙƒÙ„Ù‘Ù…Ø§ Ø°ÙÙƒÙØ±Øª Ø§Ù„Ù‚Ø¯Ø³ Ø£Ùˆ ÙˆØ¬Ø¯Øª Ø´ÙŠØ¦Ù‹Ø§ Ù…Ù† Ø±ÙŠØ­Ù‡Ø§ Ø´Ø¹Ø±Øª Ø¨Ø±ØºØ¨Ø© Ø´Ø¯ÙŠØ¯Ø© ÙÙŠ ØªØ±Ø¯ÙŠØ¯ Ø§Ø¹ØªØ°Ø§Ø±ÙŠ Ù‡Ø°Ø§ Ù…Ø§ Ø­ÙŠÙŠØª Ù‡Ù„ ØªÙ‚Ø¨Ù„ÙŠÙ†Ù Ø§Ù„Ø¹Ø°Ø±Ù ÙŠØ§ Ù‚Ø¯Ø³ÙŒ Ø£Ù†Ø§Ù‚Ø¯ ØµØ±ØªÙ Ù…Ø«Ù„ÙƒÙ ØµØ§Ù…ØªØ§ Ù…Ø¬Ø¨ÙˆØ±Ø§Ù‡Ù„ ØªÙ‚Ø¨Ù„ÙŠÙ†Ù Ø¥Ø°Ø§ Ø¹Ù„Ù…ØªÙ Ø£Ù†ÙƒÙ ÙÙŠ Ø§Ù„ÙƒÙˆÙ†Ù Ù†ÙˆØ±ÙŒ Ù†Ø§Ø²Ø¹Ù Ø§Ù„Ø¯ÙŠØ¬ÙÙˆØ±Ø§Ù‡Ù„ ØªÙ‚Ø¨Ù„ÙŠÙ†Ù Ø§Ù„Ø¹Ø°Ø±Ù ÙŠØ§ Ø£Ø³Ø·ÙˆØ±ØªÙŠØ£Ø£Ø¹ÙˆØ¯Ù ÙŠØ§ Ø£Ø³Ø·ÙˆØ±ØªÙŠ Ù…Ø¹Ø°ÙˆØ±Ø§ØŸ,ÙƒÙ„Ù‘Ù…Ø§ Ø°ÙÙƒÙØ±Øª Ø§Ù„Ù‚Ø¯Ø³ Ø£Ùˆ ÙˆØ¬Ø¯Øª Ø´ÙŠØ¦Ù‹Ø§ Ù…Ù† Ø±ÙŠØ­Ù‡Ø§ Ø´Ø¹Ø±Øª Ø¨Ø±ØºØ¨Ø© Ø´Ø¯ÙŠØ¯Ø© ÙÙŠ ØªØ±Ø¯ÙŠØ¯ Ø§Ø¹ØªØ°Ø§Ø±ÙŠ Ù‡Ø°Ø§ Ù…Ø§ Ø­ÙŠÙŠØª Ù‡Ù„ ØªÙ‚Ø¨Ù„ÙŠÙ†Ù Ø§Ù„Ø¹Ø°Ø±Ù ÙŠØ§ Ù‚Ø¯Ø³ÙŒ Ø£Ù†Ø§Ù‚Ø¯ ØµØ±ØªÙ Ù…Ø«Ù„ÙƒÙ ØµØ§Ù…ØªØ§ Ù…Ø¬Ø¨ÙˆØ±Ø§Ù‡Ù„ ØªÙ‚Ø¨Ù„ÙŠÙ†Ù Ø¥Ø°Ø§ Ø¹Ù„Ù…ØªÙ Ø£Ù†ÙƒÙ ÙÙŠ Ø§Ù„ÙƒÙˆÙ†Ù Ù†ÙˆØ±ÙŒ Ù†Ø§Ø²Ø¹Ù Ø§Ù„Ø¯ÙŠØ¬ÙÙˆØ±Ø§Ù‡Ù„ ØªÙ‚Ø¨Ù„ÙŠÙ†Ù Ø§Ù„Ø¹Ø°Ø±Ù ÙŠØ§ Ø£Ø³Ø·ÙˆØ±ØªÙŠØ£Ø£Ø¹ÙˆØ¯Ù ÙŠØ§ Ø£Ø³Ø·ÙˆØ±ØªÙŠ Ù…Ø¹Ø°ÙˆØ±Ø§ØŸ,[]
88149,2021-09-09T03:15:32+00:00,@tommys54321 CVS Kings Rd. It rang like 4.99. https://t.co/UH0qwHuz2f,1435804036280864771,Shootinâ€™ Hoops (Cardboard Rescue),1,0,1,0,"[-87.940033, 41.644102]","Chicago, IL",0,1227,2007,0,tommys54321 cvs kings rd rang like 499,tommys54321 cvs king rd it rang lik 499,[]
183416,2021-09-18T08:05:01+00:00,@DialgaMarine The Pain https://t.co/PMFp4UsOMi,1439138374841995266,Post Up,2,0,64,0,"[-87.940033, 41.644102]","Chicago, IL",0,4181,1076,0,dialgamarine pain,dialgamarin the pain,[]
62934,2021-09-07T20:16:01+00:00,3 in the afternoon but it look like night timeğŸ¤¨,1435336074109362183,Sir Nell,0,0,0,0,"[-87.940033, 41.644102]","Chicago, IL",0,406,173,0,3 afternoon look like night timeğŸ¤¨,3 in the afternoon but it look lik night timeğŸ¤¨,['face_with_raised_eyebrow']
277935,2021-09-27T11:04:35+00:00,"These boots were made to MOVE. 
#MOVEAmerica2021 ğŸ¤˜ https://t.co/RehmkDLB6g",1442445056539983873,Adriana M. Hemzacek ğŸ©,2,0,3,0,"[-87.90120921155903, 41.97655691120785]",Chicago O'Hare International Airport,['MOVEAmerica2021'],795,2270,0,boots made move moveamerica2021 ğŸ¤˜,thes boot wer mad to mov moveamerica2021 ğŸ¤˜,['sign_of_the_horns']
17799,2021-09-02T04:56:24+00:00,But how is someone affected by the law going to bring suit. #SB8 is full of poison pills. https://t.co/6vMWgMQiaf,1433292704058859520,Leonard Grossman,1,0,1,0,"[-87.834577, 41.879203]","River Forest, IL",['SB8'],901,1751,0,someone affected law going bring suit sb8 full poison pills,but how is someon affected by the law go to br suit sb8 is full of poison pill,[]
262263,2021-09-26T20:16:53+00:00,DO NOT SLEEP ON Bobâ€™s Pizza in Pilsen https://t.co/4BhcP3fqaz,1442221658140409859,Fernando Nieto ğŸŒ¹,0,0,2,0,"[-87.940033, 41.644102]","Chicago, IL",0,473,543,0,sleep bob â€™ pizza pilsen,do not sleep on bob â€™ s pizza in pilsen,[]
91257,2021-09-10T22:35:05+00:00,Hey @GreaterLakesMkt !! The Franklin Park and Elmhurst location is ready for #HispanicHeritageMonth @jackieA_ATT @glass_patrice @conexioncoalit1 @JayATTConexion @CarATTConexion @joe_boxer44 @TomMonahan10 @_Shelley_G @b_rothblott https://t.co/6zvNLDtg6l,1436458233447817218,Randy Rosas,0,0,21,0,"[-87.9691933, 41.8477693]","Elmhurst, IL",['HispanicHeritageMonth'],1267,2540,0,hey greaterlakesmkt franklin park elmhurst location ready hispanicheritagemonth jackieaatt glasspatrice conexioncoalit1 jayattconexion carattconexion joeboxer44 tommonahan10 shelleyg brothblott,hey greaterlakesmkt the franklin park and elmhurst location is ready for hispanicheritagemonth jackieaatt glasspatric conexioncoalit1 jayattconexion carattconexion joeboxer44 tommonahan10 shelleyg brothblott,[]
294897,2021-09-29T16:17:48+00:00,Jeff Bezos'a email gÃ¶nderip duruyorum. BirgÃ¼n gÃ¶rÃ¼r umarÄ±mğŸ˜… huh ğŸ˜…,1443248656807829506,Nora Ã‡aÄŸlÄ±,0,0,1,0,"[-87.940033, 41.644102]","Chicago, IL",0,138,175,0,jeff bezosa email gÃ¶nderip duruyorum birgÃ¼n gÃ¶rÃ¼r umarÄ±mğŸ˜… huh ğŸ˜…,jeff bezosa email gÃ¶nderip duruyorum birgÃ¼n gÃ¶rÃ¼r umarÄ±mğŸ˜… huh ğŸ˜…,"['grinning_face_with_sweat', 'grinning_face_with_sweat']"
99978,2021-09-10T01:45:52+00:00,Are the Cowboys looking good or is Tampa Bay looking bad ?,1436143855661944835,La Miche Girl ğŸ…ğŸºğŸ¥’,0,0,0,0,"[-87.940033, 41.644102]","Chicago, IL",0,1191,724,0,cowboys looking good tampa bay looking bad,are the cowboy look good or is tampa bay look bad,[]
96333,2021-09-10T13:45:50+00:00,@mf_bread @cryptoadzNFT ğŸ¥ºğŸ¥ºğŸ¥º,1436325043932442631,mercury in retro paige,1,0,1,0,"[-87.940033, 41.644102]","Chicago, IL",0,245,337,0,mfbread cryptoadznft ğŸ¥ºğŸ¥ºğŸ¥º,mfbread cryptoadznft ğŸ¥ºğŸ¥ºğŸ¥º,"['pleading_face', 'pleading_face', 'pleading_face']"
146237,2021-09-15T21:25:30+00:00,barbs can we get some tucker carlson fan cams to itty bitty piggy,1438252659719479301,sam,1,0,0,0,"[-87.940033, 41.644102]","Chicago, IL",0,59,177,0,barbs get tucker carlson fan cams itty bitty piggy,barb can we get som tucker carlson fan cam to itty bitty piggy,[]
135936,2021-09-14T21:42:39+00:00,Round 2. Youâ€™re all beautiful and I love you a lot https://t.co/TdN1UccJSh,1437894588123996164,Hezekiah (Hesy) Duluth,2,0,16,0,"[-87.940033, 41.644102]","Chicago, IL",0,249,364,0,round 2 â€™ beautiful love lot,round 2 you â€™ re all beautiful and i lov you a lot,[]
257471,2021-09-25T04:01:50+00:00,Chicago Live! Again was amazing! Go check out Day 2 tomorrow at @NavyPier from Noon to 9 pm! https://t.co/WW5JE2QJS7,1441613891893669888,Glenn Eden,0,0,1,0,"[-87.940033, 41.644102]","Chicago, IL",0,813,1052,0,chicago live amazing go check day 2 tomorrow navypier noon 9 pm,chicago liv again was amaz go check out day 2 tomorrow at navypier from noon to 9 pm,[]
93971,2021-09-10T17:53:30+00:00,Az Ã¶nce bi yerden geÃ§iyoduk arabayla dedim ki etraf ne kadar Shamelessâ€™Ä±n Ã§ekildiÄŸi yere benziyo kendimi dizide gibi hissettim. MeÄŸer cidden ordan geÃ§iyomuÅŸuz :â€™))))),1436387368693534737,beyzimaringizigingi,2,0,8,0,"[-87.940033, 41.644102]","Chicago, IL",0,233,177,0,az Ã¶nce bi yerden geÃ§iyoduk arabayla dedim ki etraf ne kadar shameless â€™ Ä±n Ã§ekildiÄŸi yere benziyo kendimi dizide gibi hissettim meÄŸer cidden ordan geÃ§iyomuÅŸuz â€™,az Ã¶nc bi yerden geÃ§iyoduk arabayla dedim ki etraf ne kadar shameles â€™ Ä±n Ã§ekildiÄŸi yer benziyo kendimi dizid gibi hissettim meÄŸer cidden ordan geÃ§iyomuÅŸuz â€™,[]
190335,2021-09-19T19:12:50+00:00,@EmilyMarie82 https://t.co/332wIpD2Jo,1439668826833100810,Jerel ğŸ³ï¸â€ğŸŒˆ â€¢ğŸ’‹Ã—o,1,0,1,0,"[-87.940033, 41.644102]","Chicago, IL",0,595,4974,0,emilymarie82,emilymarie82,[]
154732,2021-09-15T00:42:22+00:00,@zanTar19n ğŸ’€ğŸ’€ğŸ’€,1437939815249555459,"PMF TCG, inc",0,0,1,0,"[-87.940033, 41.644102]","Chicago, IL",0,7904,407,0,zantar19n ğŸ’€ğŸ’€ğŸ’€,zantar19n ğŸ’€ğŸ’€ğŸ’€,"['skull', 'skull', 'skull']"
62577,2021-09-07T20:53:42+00:00,fun fact: i worked this event! so much fun. https://t.co/n6Fufhd6AF,1435345555610292224,BrittanyPierre.eth,0,0,3,0,"[-87.940033, 41.644102]","Chicago, IL",0,5300,2741,0,fun fact worked event much fun,fun fact i worked thi event so much fun,[]
29381,2021-09-03T04:10:51+00:00,Is the Goon sequel even worth it?,1433643627486617601,Professor Pecan Pie ğŸ¥§,1,0,1,0,"[-87.940033, 41.644102]","Chicago, IL",0,556,1274,0,goon sequel even worth,is the goon sequel even worth it,[]
126065,2021-09-13T19:06:41+00:00,@nomadicimages1 âœŒğŸ¼,1437492949433135104,Wandering Jones,0,0,1,0,"[-87.733451, 42.0191507]","Evanston, IL",0,2293,459,0,nomadicimages1 âœŒğŸ¼,nomadicimages1 âœŒğŸ¼,['victory_hand_medium-light_skin_tone']
61627,2021-09-07T22:38:35+00:00,@Rich_L_O https://t.co/yt1SEJ9cK1,1435371949807517698,West Steezy 13/3,0,0,0,0,"[-87.940033, 41.644102]","Chicago, IL",0,750,648,0,richlo,richlo,[]
229585,2021-09-23T21:58:59+00:00,My 6-month-pregnant-self had no business tryna play volleyball after almost 5 years. Busted a lil sweat. ğŸ¤£,1441160190926147584,Roxana,0,0,2,0,"[-87.940033, 41.644102]","Chicago, IL",0,1022,489,0,6monthpregnantself business tryna play volleyball almost 5 years busted lil sweat ğŸ¤£,my 6monthpregnantself had no busines tryna play volleyball after almost 5 year busted a lil sweat ğŸ¤£,['rolling_on_the_floor_laughing']
129757,2021-09-13T10:09:28+00:00,"Ø§Ù†Ø§ Ù„Ù„Ù‡ ÙˆØ§Ù†Ø§ Ø§Ù„ÙŠÙ‡ Ø±Ø§Ø¬Ø¹ÙˆÙ† 
Ø§Ù„Ù„Ù‡ ÙŠØ±Ø­Ù…Ù‡ ÙˆÙŠØºÙØ± Ù„Ù‡ ÙˆÙŠØ³ÙƒÙ†Ù‡ ÙØ³ÙŠØ­ Ø¬Ù†Ø§ØªÙ‡ https://t.co/POxGZBjBqS",1437357754574942208,ØµØ§Ù„Ø­ Ø§Ù„Ø¹Ø¬Ù…ÙŠğŸ‡°ğŸ‡¼,0,1,0,0,"[-87.940033, 41.644102]","Chicago, IL",0,843,819,0,Ø§Ù†Ø§ Ù„Ù„Ù‡ ÙˆØ§Ù†Ø§ Ø§Ù„ÙŠÙ‡ Ø±Ø§Ø¬Ø¹ÙˆÙ† Ø§Ù„Ù„Ù‡ ÙŠØ±Ø­Ù…Ù‡ ÙˆÙŠØºÙØ± Ù„Ù‡ ÙˆÙŠØ³ÙƒÙ†Ù‡ ÙØ³ÙŠØ­ Ø¬Ù†Ø§ØªÙ‡,Ø§Ù†Ø§ Ù„Ù„Ù‡ ÙˆØ§Ù†Ø§ Ø§Ù„ÙŠÙ‡ Ø±Ø§Ø¬Ø¹ÙˆÙ† Ø§Ù„Ù„Ù‡ ÙŠØ±Ø­Ù…Ù‡ ÙˆÙŠØºÙØ± Ù„Ù‡ ÙˆÙŠØ³ÙƒÙ†Ù‡ ÙØ³ÙŠØ­ Ø¬Ù†Ø§ØªÙ‡,[]
166190,2021-09-17T22:45:48+00:00,"Getting where you want isnâ€™t the hardest part, yes itâ€™s tough. That being said; itâ€™s not about making it, itâ€™s about maintaining it.",1438997645150851073,Bobby Buchanan â,0,3,29,0,"[-87.896102, 41.973825]","Rosemont, IL",0,13305,9845,0,getting want â€™ hardest part yes â€™ tough said â€™ making â€™ maintaining,gett wher you want isn â€™ t the hardest part yes it â€™ s tough that be said it â€™ s not about mak it it â€™ s about maintain it,[]
6198,2021-09-01T13:22:41+00:00,Exciter has the veins pumped! https://t.co/qmqa3GVNoK,1433057725269807106,Alex Thorn,0,0,0,0,"[-87.940033, 41.644102]","Chicago, IL",0,897,100,0,exciter veins pumped,exciter has the vein pumped,[]
64664,2021-09-07T16:49:36+00:00,"A female told me.. ""the best time to catch her, is @ night""
Too bad for her.. cause I work nights. &amp; I'm bout my ğŸ’µğŸ’µğŸ’°paper stacks.ğŸ¤·ğŸ¾â€â™‚ï¸ https://t.co/oDtewfIJfU",1435284124898451466,ğŸ‡ğŸ»ğ“•ğ“µğ“¸ğ“ªğ“½ğ”‚ ğ“‘ğ“»ğ”‚ğ“ªğ“·ğ“½ğŸŒğŸŒğŸŒ,0,0,0,0,"[-87.940033, 41.644102]","Chicago, IL",0,151,375,0,female told best time catch nighttoo bad cause work nights amp im bout ğŸ’µğŸ’µğŸ’°paper stacksğŸ¤·ğŸ¾â€â™‚ï¸,a femal told me the best tim to catch her is nighttoo bad for her caus i work night amp im bout my ğŸ’µğŸ’µğŸ’°paper stacksğŸ¤·ğŸ¾â€â™‚ï¸,"['dollar_banknote', 'dollar_banknote', 'money_bag', 'man_shrugging_medium-dark_skin_tone']"
12651,2021-09-02T19:48:24+00:00,@tyelynea Oh no those deleted ğŸ˜‚ i need messages cause niggas be lying,1433517181153726469,sagittarius bae ğŸ¥ºğŸ¦„,1,0,1,0,"[-87.883955, 41.834043]","Broadview, IL",0,7997,6991,0,tyelynea oh deleted ğŸ˜‚ need messages cause niggas lying,tyelynea oh no thos deleted ğŸ˜‚ i need message caus nigga be ly,['face_with_tears_of_joy']
272361,2021-09-27T21:51:31+00:00,One of my fave experiences watching #CFC https://t.co/TUKksXiLja,1442607863101284357,Stephen Okey,0,0,0,0,"[-87.940033, 41.644102]","Chicago, IL",['CFC'],268,213,0,one fave experiences watching cfc,one of my fav experience watch cfc,[]
39296,2021-09-04T04:45:46+00:00,TUCK COMINâ€™ ğŸ‘€âœ…,1434014801748013059,Dustin Baker,0,1,6,0,"[-87.733451, 42.0191507]","Evanston, IL",0,841,847,0,tuck comin â€™ ğŸ‘€âœ…,tuck comin â€™ ğŸ‘€âœ…,"['eyes', 'check_mark_button']"
125709,2021-09-13T19:50:47+00:00,UpdTe https://t.co/c8mn7aDdtV,1437504050208067590,Miss Brown ğŸ‘©â€ğŸ«,0,1,6,0,"[-87.940033, 41.644102]","Chicago, IL",0,1382,989,0,updte,updt,[]
119369,2021-09-12T10:00:30+00:00,"And yes, she always provides with the perfect advice so Iâ€™m no longer crying in bed",1436993112879079426,Lake Javan,0,0,2,0,"[-87.940033, 41.644102]","Chicago, IL",0,12252,569,0,yes always provides perfect advice â€™ longer crying bed,and yes she alway provide with the perfect advic so i â€™ m no longer cry in bed,[]
84990,2021-09-09T15:24:09+00:00,@coldestwinters Bet. Putting it on the list,1435987396340895744,Legends Never Die,0,0,0,0,"[-87.940033, 41.644102]","Chicago, IL",0,370,288,0,coldestwinters bet putting list,coldestwinter bet putt it on the list,[]
6851,2021-09-01T11:11:05+00:00,#BeNotAfraid https://t.co/NoHGCNCblh,1433024608484171779,Titus Ballenger,0,0,0,0,"[-87.805698, 41.8650062]","Oak Park, IL",['BeNotAfraid'],220,1159,0,benotafraid,benotafraid,[]
136087,2021-09-14T21:28:10+00:00,#GamblingTwitter #MLB https://t.co/oukB2GJ1Jn,1437890942464368650,Slappy,0,0,0,0,"[-87.940033, 41.644102]","Chicago, IL","['GamblingTwitter', 'MLB']",712,244,0,gamblingtwitter mlb,gamblingtwitter mlb,[]
188303,2021-09-19T21:40:06+00:00,2257 North Avers Avenue https://t.co/lgmMdir4zx,1439705885132181504,every lot chicago,0,0,1,0,"[-87.7227, 41.92257]","Chicago, IL",0,4879,4,0,2257 north avers avenue,2257 north aver avenu,[]
90773,2021-09-10T23:23:57+00:00,@jon_greenberg Are you getting a gelato now? https://t.co/FSpXXigh5P,1436470532531265538,WestLoopTom,0,0,3,0,"[-87.6489026, 41.8846922]",BomboBar,0,1790,3363,0,jongreenberg getting gelato,jongreenberg are you gett a gelato now,[]
282981,2021-09-28T21:04:11+00:00,Thanks @iamsamkirk for this awesome install on the Southeast Side! #stopgeneraliron #meetingofstyles https://t.co/lPSIJRzs4m,1442958339705491456,Gina Ramirez,0,7,23,0,"[-87.940033, 41.644102]","Chicago, IL","['stopgeneraliron', 'meetingofstyles']",842,879,0,thanks iamsamkirk awesome install southeast side stopgeneraliron meetingofstyles,thank iamsamkirk for thi awesom install on the southeast sid stopgeneraliron meetingofstyle,[]
205731,2021-09-20T05:06:46+00:00,I wanna know !!!,1439818294760988672,ğŸ¥,1,0,0,0,"[-87.940033, 41.644102]","Chicago, IL",0,1662,1344,0,wan na know,i wan na know,[]
103715,2021-09-11T20:02:06+00:00,Not even Ohio state losing can ruin my day.,1436782121444646912,#RipRemDog .,0,0,0,0,"[-87.940033, 41.644102]","Chicago, IL",0,869,1211,0,even ohio state losing ruin day,not even ohio stat los can ruin my day,[]
224064,2021-09-22T14:22:08+00:00,I donâ€™t know what I be doing wrong ğŸ˜‚ https://t.co/YtufeiwmvX,1440682834289520643,Legends Never Die,0,0,0,1,"[-87.940033, 41.644102]","Chicago, IL",0,370,288,0,â€™ know wrong ğŸ˜‚,i don â€™ t know what i be do wrong ğŸ˜‚,['face_with_tears_of_joy']
286086,2021-09-28T14:15:36+00:00,@ampere_cat https://t.co/MxglTgZoeU,1442855513469988867,Charlie Gers,0,0,1,0,"[-87.940033, 41.644102]","Chicago, IL",0,1169,344,0,amperecat,amperecat,[]
181088,2021-09-18T16:19:23+00:00,"Being able to hold a beer, phone and sunglasses in one hand is a product of never having pockets ğŸ‘ŒğŸ» https://t.co/DSmLWhleKo",1439262788602503168,elana ğŸ¥€,0,0,2,0,"[-87.940033, 41.644102]","Chicago, IL",0,122,205,0,able hold beer phone sunglasses one hand product never pockets ğŸ‘ŒğŸ»,be  to hold a beer phon and sunglasse in one hand is a product of never hav pocket ğŸ‘ŒğŸ»,['OK_hand_light_skin_tone']
219646,2021-09-22T22:20:25+00:00,"If I were up for the HOF, Iâ€™d want @readjack to make my case. Dude is money!!! https://t.co/t8mV7TEyrg",1440803197157736453,Laurence Holmes,2,9,46,1,"[-87.940033, 41.644102]","Chicago, IL",0,79728,1068,0,hof â€™ want readjack make case dude money,if i wer up for the hof i â€™ d want readjack to mak my cas dud is money,[]
199407,2021-09-20T22:25:52+00:00,You see we need to train the monkeys to operate technology so they can protect us when the Boston Dynamics machines rise against us. https://t.co/fN9eV1878r,1440079791474954245,Mr Portland-wide,0,0,1,0,"[-87.940033, 41.644102]","Chicago, IL",0,255,638,0,see need train monkeys operate technology protect us boston dynamics machines rise us,you see we need to train the monkey to operat technology so they can protect us when the boston dynamic machine ris against us,[]
98564,2021-09-10T03:50:58+00:00,Making crab cakes or egg rolls with this lump crab for sure ! All the ingredients are really everyday shit evrybody should damn near have at home already !,1436175338476916736,T-rawâ™“ï¸ RereğŸ‘©ğŸ¾â€ğŸ³,0,0,0,0,"[-87.940033, 41.644102]","Chicago, IL",0,1440,321,0,making crab cakes egg rolls lump crab sure ingredients really everyday shit evrybody damn near home already,mak crab cake or egg roll with thi lump crab for sur all the ingredient are really everyday shit evrybody should damn near hav at hom already,[]
139380,2021-09-14T15:21:11+00:00,@KingZeeko ğŸ¥±,1437798591024750601,M&M,0,0,0,0,"[-87.940033, 41.644102]","Chicago, IL",0,663,810,0,kingzeeko ğŸ¥±,kingzeeko ğŸ¥±,['yawning_face']
177912,2021-09-18T21:10:42+00:00,these people are so fucking rude to me and wonder why I donâ€™t come around ğŸ˜‚,1439336099466432512,Ï‡ÏÎ¹ÏƒÏ„Î¯Î½Î± ğŸŒ»,0,0,1,0,"[-87.855052, 41.9999939]","Niles, IL",0,1224,533,0,people fucking rude wonder â€™ come around ğŸ˜‚,thes peopl are so fuck rud to me and wonder why i don â€™ t com around ğŸ˜‚,['face_with_tears_of_joy']
70450,2021-09-08T22:40:50+00:00,I literally howled reading this aloud ğŸ˜‚ğŸ˜‚ğŸ˜‚ğŸ¤£ğŸ¤£ğŸ¤£ https://t.co/JsfJDnth6r,1435734902910111744,Sean Will,0,0,3,0,"[-87.940033, 41.644102]","Chicago, IL",0,604,528,0,literally howled reading aloud ğŸ˜‚ğŸ˜‚ğŸ˜‚ğŸ¤£ğŸ¤£ğŸ¤£,i literally howled read thi aloud ğŸ˜‚ğŸ˜‚ğŸ˜‚ğŸ¤£ğŸ¤£ğŸ¤£,"['face_with_tears_of_joy', 'face_with_tears_of_joy', 'face_with_tears_of_joy', 'rolling_on_the_floor_laughing', 'rolling_on_the_floor_laughing', 'rolling_on_the_floor_laughing']"
12794,2021-09-02T19:33:54+00:00,@thegreatkhalid Please https://t.co/dKkF3vWSen,1433513535464742924,kanao â™¡ #SaveSheikhJarrah,0,0,0,0,"[-87.798798, 41.68331]","Oak Lawn, IL",0,1336,974,0,thegreatkhalid please,thegreatkhalid pleas,[]
167348,2021-09-17T20:40:38+00:00,@PalmedByAngels ğŸ˜©ğŸ˜‚ğŸ˜‚ğŸ˜­,1438966146494083072,Ketaâ€™s World ğŸŒ,0,0,0,0,"[-87.940033, 41.644102]","Chicago, IL",0,1168,961,0,palmedbyangels ğŸ˜©ğŸ˜‚ğŸ˜‚ğŸ˜­,palmedbyangel ğŸ˜©ğŸ˜‚ğŸ˜‚ğŸ˜­,"['weary_face', 'face_with_tears_of_joy', 'face_with_tears_of_joy', 'loudly_crying_face']"
94148,2021-09-10T17:33:07+00:00,um why did one of my coworkers just put me on blast in our team gcâ€¦. like he coulda just dmâ€™d me,1436382240741728260,meek,0,0,0,0,"[-87.940033, 41.644102]","Chicago, IL",0,1808,247,0,um one coworkers put blast team gcâ€¦ like coulda dm â€™,um why did one of my coworker just put me on blast in our team gcâ€¦ lik he coulda just dm â€™ d me,[]
233779,2021-09-23T15:25:42+00:00,I really like Yebbaâ€™s album,1441061218198896641,Keisha Coleslaw,1,0,3,0,"[-87.940033, 41.644102]","Chicago, IL",0,475,260,0,really like yebba â€™ album,i really lik yebba â€™ s album,[]
198525,2021-09-20T23:53:00+00:00,https://t.co/iQ0b5WQN4k,1440101721150312448,Nicolebecker,0,0,0,0,"[-87.940033, 41.644102]","Chicago, IL",0,2,28,0,,,[]
276640,2021-09-27T14:45:53+00:00,@JoyceHutchens3 I would appreciate it if a legitimate journalist would interview these people and report the results.,1442500749997510656,ğŸ–¤â¤ï¸ğŸ’™,0,0,3,0,"[-87.940033, 41.644102]","Chicago, IL",0,3772,3472,0,joycehutchens3 would appreciate legitimate journalist would interview people report results,joycehutchens3 i would appreciat it if a legitimat journalist would interview thes peopl and report the result,[]
161257,2021-09-16T13:27:45+00:00,I canâ€™t believe we get to share a timeline with this. Truly blessed https://t.co/eq8K0zhlyd,1438494818917928962,Shana,1,0,7,0,"[-87.940033, 41.644102]","Chicago, IL",0,1171,623,0,â€™ believe get share timeline truly blessed,i can â€™ t believ we get to shar a timelin with thi truly blessed,[]
60162,2021-09-06T01:14:36+00:00,@JimFitzgerald67 Me too,1434686435416854530,C.W. Harris,0,0,1,0,"[-87.940033, 41.644102]","Chicago, IL",0,6499,6051,0,jimfitzgerald67,jimfitzgerald67 me too,[]
102762,2021-09-11T21:34:47+00:00,Friends over 20 Years Loving Life To The Fullest 2020. @ West Englewood https://t.co/tUPQdyKPuQ,1436805445872599040,ShaSha Stallion Destroyer.,0,0,0,0,"[-87.66674, 41.775909]","Chicago, IL",0,615,5002,0,friends 20 years loving life fullest 2020 west englewood,friend over 20 year lov lif to the fullest 2020 west englewood,[]
186302,2021-09-18T01:06:03+00:00,"Since there is no @chicagoredstars game this weekend, seems like the perfect time to cheer on the @chicagosky #MKOT https://t.co/IG0RHK6dDx",1439032939203923968,Lindsay Allard,2,0,15,0,"[-87.940033, 41.644102]","Chicago, IL",['MKOT'],194,885,0,since chicagoredstars game weekend seems like perfect time cheer chicagosky mkot,sinc ther is no chicagoredstar gam thi weekend seem lik the perfect tim to cheer on the chicagosky mkot,[]
280554,2021-09-27T01:13:38+00:00,Cannot fucking wait for PSG-Man City Tuesday ğŸ”¥ğŸ”¥ğŸ”¥ğŸ”¥ğŸ”¥ğŸ”¥,1442296339065344001,Mike,2,0,1,0,"[-87.940033, 41.644102]","Chicago, IL",0,1849,648,0,fucking wait psgman city tuesday ğŸ”¥ğŸ”¥ğŸ”¥ğŸ”¥ğŸ”¥ğŸ”¥,can not fuck wait for psgman city tuesday ğŸ”¥ğŸ”¥ğŸ”¥ğŸ”¥ğŸ”¥ğŸ”¥,"['fire', 'fire', 'fire', 'fire', 'fire', 'fire']"
8375,2021-09-01T02:58:48+00:00,@janellefiona Aww wow #skypointsgalore,1432900722169896966,Larry M. Nolan,0,0,0,0,"[-87.940033, 41.644102]","Chicago, IL",['skypointsgalore'],64,536,0,janellefiona aww wow skypointsgalore,janellefiona aww wow skypointsgalor,[]
249672,2021-09-25T23:19:02+00:00,So do our entire special teams,1441905112755187715,Coach,1,0,0,0,"[-87.940033, 41.644102]","Chicago, IL",0,464,886,0,entire special teams,so do our entir special team,[]
283650,2021-09-28T19:27:56+00:00,"@kathleenmadigan @SIRIUSXM If this image from my apple wallet tix is any indication, this is a show you canâ€™t miss. https://t.co/gTt343HTxj",1442934117876723719,the true brad,0,0,0,0,"[-87.940033, 41.644102]","Chicago, IL",0,19,245,0,kathleenmadigan siriusxm image apple wallet tix indication show â€™ miss,kathleenmadigan siriusxm if thi imag from my appl wallet tix is any indication thi is a show you can â€™ t mis,[]
72798,2021-09-08T18:28:42+00:00,@DahlonegaMurray @BarstoolNate SNIDE,1435671451869253636,Hezekiah (Hesy) Duluth,0,0,1,0,"[-87.940033, 41.644102]","Chicago, IL",0,249,364,0,dahlonegamurray barstoolnate snide,dahlonegamurray barstoolnat snid,[]
130848,2021-09-13T03:36:33+00:00,@AUProSports @JadeHewittMedia ğŸ‘,1437258874764025861,Bobby Buchanan â,0,0,3,0,"[-87.896102, 41.973825]","Rosemont, IL",0,13305,9843,0,auprosports jadehewittmedia ğŸ‘,auprosport jadehewittmedia ğŸ‘,['clapping_hands']
84233,2021-09-09T16:39:36+00:00,@Bikkjuna Does it need adjusting,1436006383103643654,Daytripper,0,0,0,0,"[-88.003635, 41.812505]","Oak Brook, IL",0,1943,736,0,bikkjuna need adjusting,bikkjuna doe it need adjust,[]
41632,2021-09-04T00:23:25+00:00,A lot of people I talked to are here for arc and are going back to LA for Boris next weekend.,1433948780894867458,alexxx rubio,0,0,0,0,"[-87.940033, 41.644102]","Chicago, IL",0,111,331,0,lot people talked arc going back la boris next weekend,a lot of peopl i talked to are her for arc and are go back to la for bori next weekend,[]
269056,2021-09-26T03:57:58+00:00,@supad3z Nawâ€¦ it ainâ€™tâ€¦ just the soft generation that want every simple and fastâ€¦,1441975308463316993,ğŸ¤´ğŸ¾ of ğŸ‘¸ğŸ½ ğŸ‘¸ğŸ¿ğŸ‘¸ğŸ¾ğŸ‘¸ğŸ¼ğŸ‘¸ğŸ»,1,0,0,0,"[-87.940033, 41.644102]","Chicago, IL",0,426,352,0,supad3z nawâ€¦ â€™ tâ€¦ soft generation want every simple fastâ€¦,supad3z nawâ€¦ it ain â€™ tâ€¦ just the soft generation that want every simpl and fastâ€¦,[]
43,2021-09-01T23:55:46+00:00,@ChefSamGlass Merci Chef,1433217044825137160,Chef Michael Tsonton,1,0,1,0,"[-87.940033, 41.644102]","Chicago, IL",0,2507,1654,0,chefsamglass merci chef,chefsamglas merci chef,[]
54293,2021-09-06T17:50:57+00:00,@AAJ0818 Most definitely.,1434937178061217799,Paul J DesHotels,0,0,0,0,"[-87.940033, 41.644102]","Chicago, IL",0,1610,3589,0,aaj0818 definitely,aaj0818 most definitely,[]
188243,2021-09-19T21:45:55+00:00,@charliegirl0527 Really?!? How quaint. Now tear it up and get on with your life!,1439707352152875014,Paul J DesHotels,0,0,0,0,"[-87.940033, 41.644102]","Chicago, IL",0,1610,3589,0,charliegirl0527 really quaint tear get life,charliegirl0527 really how quaint now tear it up and get on with your lif,[]
259573,2021-09-25T00:32:47+00:00,"@andyflan1997 boston : on a stinky bay filled with tea

chicago: sexy city filled with hot people",1441561282205741061,zach,0,0,0,0,"[-87.940033, 41.644102]","Chicago, IL",0,1294,867,0,andyflan1997 boston stinky bay filled teachicago sexy city filled hot people,andyflan1997 boston on a stinky bay filled with teachicago sexy city filled with hot peopl,[]
181256,2021-09-18T16:04:12+00:00,@jones_silas_lab thanks. i needed that.,1439258965590822918,Geoff Rothman,0,0,0,0,"[-87.940033, 41.644102]","Chicago, IL",0,767,1063,0,jonessilaslab thanks needed,jonessilaslab thank i needed that,[]
307902,2021-09-30T04:26:31+00:00,@DreaNicole_ @MafiosoRo https://t.co/L7kNzaNFy8,1443432042662973440,D DOLLA UNF GANG ENT,0,0,0,0,"[-87.940033, 41.644102]","Chicago, IL",0,1382,4979,0,dreanicole mafiosoro,dreanicol mafiosoro,[]
287848,2021-09-28T04:28:24+00:00,@ArrestedYouth see u in la and chicago besties. i was barricade at ball arenaâœŒï¸,1442707739936006145,haley,1,0,4,0,"[-87.940033, 41.644102]","Chicago, IL",0,1226,379,0,arrestedyouth see u la chicago besties barricade ball arenaâœŒï¸,arrestedyouth see u in la and chicago bestie i was barricad at ball arenaâœŒï¸,['victory_hand']
101312,2021-09-11T23:55:23+00:00,I'm at Bellwood in IL https://t.co/rsmM3luuVO,1436840827037290497,Mensah Almighty ğŸ‡³ğŸ‡¬,0,0,0,0,"[-87.88854516, 41.8925604]","Bellwood, IL",0,1069,1243,0,im bellwood il,im at bellwood in il,[]
176475,2021-09-18T23:46:32+00:00,"It's just what they do. Maybe they can't type 65 wpm, but they suck good d**k. I mean,you gotta go with your strengths that's what I'm saying.",1439375318893072388,Jerel ğŸ³ï¸â€ğŸŒˆ â€¢ğŸ’‹Ã—o,1,0,2,0,"[-87.940033, 41.644102]","Chicago, IL",0,595,4974,0,maybe cant type 65 wpm suck good dk meanyou got ta go strengths thats im saying,its just what they do mayb they cant typ 65 wpm but they suck good dk i meanyou got ta go with your strength that what im say,[]
67104,2021-09-07T06:37:31+00:00,Damn ğŸ˜ https://t.co/Nyqn8YjDtH,1435130090636066819,BigDaddyBoog,0,0,0,0,"[-87.940033, 41.644102]","Chicago, IL",0,1102,1177,0,damn ğŸ˜,damn ğŸ˜,['disappointed_face']
23144,2021-09-03T19:48:13+00:00,"@BGartnerWriting Iâ€™m so glad you guys enjoyed it, Ben! Thank you for reading!!",1433879525381840896,Lindsay Currie,0,0,1,0,"[-87.940033, 41.644102]","Chicago, IL",0,12020,4836,0,bgartnerwriting â€™ glad guys enjoyed ben thank reading,bgartnerwrit i â€™ m so glad you guy enjoyed it ben thank you for read,[]
103441,2021-09-11T20:28:31+00:00,Tones are ğŸ”¥ğŸ”¥ğŸ”¥ https://t.co/5AEpHhQQ4d,1436788768846098438,Wandering Jones,0,1,4,0,"[-87.733451, 42.0191507]","Evanston, IL",0,2293,459,0,tones ğŸ”¥ğŸ”¥ğŸ”¥,tone are ğŸ”¥ğŸ”¥ğŸ”¥,"['fire', 'fire', 'fire']"
113890,2021-09-12T21:19:17+00:00,i just wanna be scanned into tron,1437163931680788485,reek ğŸ˜˜,2,0,3,0,"[-87.940033, 41.644102]","Chicago, IL",0,101,169,0,wan na scanned tron,i just wan na be scanned into tron,[]
107072,2021-09-11T14:30:33+00:00,"I rlly do believe the older generations (mothers,grandparents, great grands) have some issues boa ! How were we raised by these ppl G",1436698683509252098,Tiffany ğŸ¤ª,0,0,0,0,"[-87.940033, 41.644102]","Chicago, IL",0,1614,1702,0,rlly believe older generations mothersgrandparents great grands issues boa raised ppl g,i rlly do believ the older generation mothersgrandparent great grand hav som issue boa how wer we raised by thes ppl g,[]
289242,2021-09-28T01:44:27+00:00,@Ramina1690 *chefs kiss,1442666484157845505,#RipRemDog .,0,0,0,0,"[-87.940033, 41.644102]","Chicago, IL",0,869,1211,0,ramina1690 chefs kiss,ramina1690 chef kis,[]
117794,2021-09-12T15:36:30+00:00,Since you wanted to wait until your workout was complete to tell someone,1437077668869050376,ğŸ¼D F# A,0,0,0,0,"[-87.940033, 41.644102]","Chicago, IL",0,550,335,0,since wanted wait workout complete tell someone,sinc you wanted to wait until your workout was complet to tell someon,[]
24916,2021-09-03T17:02:23+00:00,Guiltily know way 2 sexy gone send the club up ğŸ’ğŸ½â€â™€ï¸,1433837792023486482,y-i SINGLE OUT NOW ğŸ‘,0,0,1,0,"[-87.940033, 41.644102]","Chicago, IL",0,502,557,0,guiltily know way 2 sexy gone send club ğŸ’ğŸ½â€â™€ï¸,guiltily know way 2 sexy gon send the club up ğŸ’ğŸ½â€â™€ï¸,['woman_tipping_hand_medium_skin_tone']
291848,2021-09-29T21:33:49+00:00,"@GretchenCarlson @TheDani76 Hate to break it to ya, thatâ€™s the MO of the entire party and has been for yearsâ€¦caring only for themselves..",1443328185555472384,Danny Hughes,3,3,73,1,"[-87.733451, 42.0191507]","Evanston, IL",0,548,399,0,gretchencarlson thedani76 hate break ya â€™ mo entire party yearsâ€¦caring,gretchencarlson thedani76 hat to break it to ya that â€™ s the mo of the entir party and has been for yearsâ€¦car only for themselve,[]
30314,2021-09-03T02:45:47+00:00,Things just went so south for Minnesota in a hurry. Man this sport can be unforgiving,1433622221340164096,Alex Roux,0,0,1,0,"[-87.940033, 41.644102]","Chicago, IL",0,5186,998,0,things went south minnesota hurry man sport unforgiving,thing just went so south for minnesota in a hurry man thi sport can be unforgiv,[]
4290,2021-09-01T16:28:50+00:00,@Ballislife @312antony ğŸ˜­ğŸ˜­ğŸ˜­ğŸ˜­ the beginning,1433104573942665218,ğŸ¤´ğŸ¾ of ğŸ‘¸ğŸ½ ğŸ‘¸ğŸ¿ğŸ‘¸ğŸ¾ğŸ‘¸ğŸ¼ğŸ‘¸ğŸ»,0,0,0,0,"[-87.940033, 41.644102]","Chicago, IL",0,426,352,0,ballislife 312antony ğŸ˜­ğŸ˜­ğŸ˜­ğŸ˜­ beginning,ballislif 312antony ğŸ˜­ğŸ˜­ğŸ˜­ğŸ˜­ the beginn,"['loudly_crying_face', 'loudly_crying_face', 'loudly_crying_face', 'loudly_crying_face']"
300062,2021-09-29T01:00:19+00:00,@rhoaoftwirl are you doing any press runs soon ?,1443017764772397059,Dee LUCX,0,0,0,0,"[-87.940033, 41.644102]","Chicago, IL",0,117,429,0,rhoaoftwirl press runs soon,rhoaoftwirl are you do any pres run soon,[]
225892,2021-09-22T04:20:07+00:00,Imagine you went missing but you had a bogus fit on,1440531331260170259,sandwich kid,1,0,1,1,"[-87.940033, 41.644102]","Chicago, IL",0,386,334,0,imagine went missing bogus fit,imagin you went miss but you had a bogu fit on,[]
186661,2021-09-18T00:26:08+00:00,@LTHS_Athletics any update on the game?,1439022895766835202,Michael Garbarz,0,0,0,0,"[-87.9182802, 41.774916]","Western Springs, IL",0,53,55,0,lthsathletics update game,lthsathletic any updat on the gam,[]
280591,2021-09-27T01:10:06+00:00,3932 West Armitage Avenue https://t.co/AobUGtsmQD,1442295449986211840,every lot chicago,0,0,1,0,"[-87.72548, 41.91744]","Chicago, IL",0,4880,4,0,3932 west armitage avenue,3932 west armitag avenu,[]
207470,2021-09-20T02:07:12+00:00,If you #sextext your husband and he is to stoned or drunk to notice is that grounds to force him to sleep in the other bedroom? #husbandissues #divorcequestions,1439773105799446529,Patrick Rhile,0,0,0,0,"[-87.940033, 41.644102]","Chicago, IL","['sextext', 'husbandissues', 'divorcequestions']",151,203,0,sextext husband stoned drunk notice grounds force sleep bedroom husbandissues divorcequestions,if you sextext your husband and he is to stoned or drunk to notic is that ground to forc him to sleep in the other bedroom husbandissue divorcequestion,[]
1727,2021-09-01T20:59:19+00:00,Thinking back. I really used to go crazy on the fleets...,1433172641586819077,Coach Dub,0,0,0,1,"[-87.940033, 41.644102]","Chicago, IL",0,2116,2065,0,thinking back really used go crazy fleets,think back i really used to go crazy on the fleet,[]
84713,2021-09-09T15:53:03+00:00,I need to start doing lunch dates easy and quick no expectations,1435994671600308230,Modern Day Nia Long,0,0,0,0,"[-87.940033, 41.644102]","Chicago, IL",0,525,414,0,need start lunch dates easy quick expectations,i need to start do lunch date easy and quick no expectation,[]
163264,2021-09-16T03:29:48+00:00,still thinking about how absolutely wild it was that I got recognized by a follower just walking down the street the other day,1438344338220720130,ketuğŸ”œMFF,0,0,19,0,"[-87.940033, 41.644102]","Chicago, IL",0,14533,995,0,still thinking absolutely wild got recognized follower walking street day,still think about how absolutely wild it was that i got recognized by a follower just walk down the street the other day,[]
306641,2021-09-30T12:41:44+00:00,@1DeepNote @readwiseio  save thread,1443556669200424963,Maven N.W.A ğŸ§¢,1,0,0,0,"[-87.940033, 41.644102]","Chicago, IL",0,2765,697,0,1deepnote readwiseio save thread,1deepnot readwiseio sav thread,[]
75930,2021-09-08T12:47:32+00:00,"@saribethrose I totally understand your point. But itâ€™s my tax money too, so I want to make sure it is used wisely. But that has nothing to do with the fight against masks. They are just Aholes.",1435585595452051459,Mickey Hadhazy,0,1,1,0,"[-87.940033, 41.644102]","Chicago, IL",0,11,250,0,saribethrose totally understand point â€™ tax money want make sure used wisely nothing fight masks aholes,saribethros i totally understand your point but it â€™ s my tax money too so i want to mak sur it is used wisely but that has noth to do with the fight against mask they are just ahole,[]
34859,2021-09-04T19:08:50+00:00,@PUMPKINHILLS i think we'll get along just fine ğŸ™‚,1434232000668475394,sisiğŸ¦” @ MFF,1,0,0,0,"[-87.940033, 41.644102]","Chicago, IL",0,85,179,0,pumpkinhills think well get along fine ğŸ™‚,pumpkinhill i think well get along just fin ğŸ™‚,['slightly_smiling_face']
132303,2021-09-13T02:01:25+00:00,Just posted a video @ Chicago Downtown https://t.co/oshWqdhpa3,1437234932460359683,RenÃ©e G.,0,0,0,0,"[-87.62614846, 41.88046793]","Chicago, IL",0,291,486,0,posted video chicago downtown,just posted a video chicago downtown,[]
265104,2021-09-26T17:15:26+00:00,Thereâ€™s still one more donation to be made from my end at the end of the month so I donâ€™t have to keep taking money out and incurring taxes.,1442175996850065409,BrittanyPierre.eth,0,0,1,0,"[-87.940033, 41.644102]","Chicago, IL",0,5300,2741,0,â€™ still one donation made end end month â€™ keep taking money incurring taxes,ther â€™ s still one mor donation to be mad from my end at the end of the month so i don â€™ t hav to keep tak money out and incurr taxe,[]
279500,2021-09-27T02:52:47+00:00,Hey no me Jodan sÃ­ganme quiero vivir de las redes social ğŸ˜œğŸ˜œğŸ”¥ğŸ”¥segÃºn algunos influencer ğŸ˜ƒ,1442321291151880194,sanchezcruz M,0,0,0,0,"[-87.780869, 42.0032]","Skokie, IL",0,216,586,0,hey jodan sÃ­ganme quiero vivir de las redes social ğŸ˜œğŸ˜œğŸ”¥ğŸ”¥segÃºn algunos influencer ğŸ˜ƒ,hey no me jodan sÃ­ganm quiero vivir de las rede social ğŸ˜œğŸ˜œğŸ”¥ğŸ”¥segÃºn alguno influencer ğŸ˜ƒ,"['winking_face_with_tongue', 'winking_face_with_tongue', 'fire', 'fire', 'grinning_face_with_big_eyes']"
286150,2021-09-28T14:08:38+00:00,Need golfing buddies ğŸ˜”,1442853764168359946,Gonzalo Gabriel Romo,0,0,1,0,"[-87.940033, 41.644102]","Chicago, IL",0,507,564,0,need golfing buddies ğŸ˜”,need golf buddie ğŸ˜”,['pensive_face']
92193,2021-09-10T20:54:46+00:00,@CNYG10 @PFF_Fantasy Damn thatâ€™s a fire team,1436432985499312138,Black McDowell,0,0,0,0,"[-87.940033, 41.644102]","Chicago, IL",0,494,1409,0,cnyg10 pfffantasy damn â€™ fire team,cnyg10 pfffantasy damn that â€™ s a fir team,[]
59655,2021-09-06T02:05:21+00:00,Asking Pulisic to collect the ball and beat guys one on one outside the box to create chances will not do,1434699208976748547,devoid davy,1,0,2,0,"[-87.940033, 41.644102]","Chicago, IL",0,216,1009,0,asking pulisic collect ball beat guys one one outside box create chances,ask pulisic to collect the ball and beat guy one on one outsid the box to creat chance will not do,[]
212504,2021-09-21T17:29:24+00:00,"â€œThis is strictly off the record, but Dirkâ€™s nearly 5 years younger than I amâ€ https://t.co/KjFK44KtZ3",1440367570213691400,JPinThe773 ğŸ#BLM ğŸ³ï¸â€ğŸŒˆ,4,2,54,1,"[-87.940033, 41.644102]","Chicago, IL",0,4371,4988,0,â€œ strictly record dirk â€™ nearly 5 years younger â€,â€œ thi is strictly off the record but dirk â€™ s nearly 5 year younger than i am â€,[]
140976,2021-09-14T12:02:06+00:00,@YahooFantasy Lamar. Jackson. Fumble. https://t.co/jMOmVGsSdm,1437748486867402752,RyRo,0,0,0,0,"[-87.940033, 41.644102]","Chicago, IL",0,418,732,0,yahoofantasy lamar jackson fumble,yahoofantasy lamar jackson fumbl,[]
303806,2021-09-30T18:05:43+00:00,"Â¡Excelente noticia! ğŸ˜ Estaremos atentos a dicha versiÃ³n, porfavor cuenta con nosotros, desde el @ConsulChicagoSV estamos para apoyarte ##DiplomaciaCulturalSV https://t.co/Hq17gZ5UvR",1443638203550928899,Federico Guerrero AvendaÃ±o ğŸ‡¸ğŸ‡»ğŸ‡ºğŸ‡¸,0,0,1,0,"[-87.940033, 41.644102]","Chicago, IL",['DiplomaciaCulturalSV'],1085,1273,0,Â¡excelente noticia ğŸ˜ estaremos atentos dicha versiÃ³n porfavor cuenta con nosotros desde el consulchicagosv estamos para apoyarte diplomaciaculturalsv,Â¡excelent noticia ğŸ˜ estaremo atento a dicha versiÃ³n porfavor cuenta con nosotro desd el consulchicagosv estamo para apoyart diplomaciaculturalsv,['smiling_face_with_sunglasses']
159504,2021-09-16T16:48:40+00:00,"#LilNasXGivesBirth $AFly97 

Dolla Sign Slime all the way bby https://t.co/RLxJ1gPn8v",1438545383039324166,Annie/Andrew,0,1,1,0,"[-87.733451, 42.0191507]","Evanston, IL",['LilNasXGivesBirth'],556,519,0,lilnasxgivesbirth afly97 dolla sign slime way bby,lilnasxgivesbirth afly97 dolla sign slim all the way bby,[]
188094,2021-09-19T21:57:09+00:00,@mspeck10 The sad vestiges of the party.,1439710177104629763,Fifth Down College Football,0,0,0,0,"[-87.940033, 41.644102]","Chicago, IL",0,1083,410,0,mspeck10 sad vestiges party,mspeck10 the sad vestige of the party,[]
234730,2021-09-23T13:42:22+00:00,"7 years ago today I moved to Chicago. Definitely wild and risky move on my part, but like other major life decisions, not much thought was put into it. Just go for it ya know? See what happens! ğŸ˜
Pics are last day in Cascais VS first night in Chicago. #longandwearymyroadhasbeen https://t.co/q4aFSXYUMn",1441035212197040137,D.A.,0,0,3,0,"[-87.940033, 41.644102]","Chicago, IL",['longandwearymyroadhasbeen'],84,208,0,7 years ago today moved chicago definitely wild risky move part like major life decisions much thought put go ya know see happens ğŸ˜pics last day cascais vs first night chicago longandwearymyroadhasbeen,7 year ago today i moved to chicago definitely wild and risky mov on my part but lik other major lif decision not much thought was put into it just go for it ya know see what happen ğŸ˜pic are last day in cascai vs first night in chicago longandwearymyroadhasbeen,['smiling_face_with_sunglasses']
296048,2021-09-29T14:23:51+00:00,ğŸ¥´ https://t.co/LbRW690DRZ,1443219977918631941,Alyssa LeeğŸ–¤,0,0,6,0,"[-87.7790301, 41.82158]","Cicero, IL",0,1890,1575,0,ğŸ¥´,ğŸ¥´,['woozy_face']
304918,2021-09-30T16:01:26+00:00,@LouisPeitzman Or how his bf had to appear on tv with his face blurred because of DADT.  Not as long ago as ppl think.,1443606923430043655,Klastastic,0,0,7,0,"[-87.940033, 41.644102]","Chicago, IL",0,991,3743,0,louispeitzman bf appear tv face blurred dadt long ago ppl think,louispeitzman or how his bf had to appear on tv with his fac blurred becaus of dadt not as long ago as ppl think,[]
211363,2021-09-21T19:33:10+00:00,"@_wichelle Purrr and they gave it in cash, so no take backs.",1440398719078199296,j,0,0,1,0,"[-87.940033, 41.644102]","Chicago, IL",0,431,663,0,wichelle purrr gave cash take backs,wichell purrr and they gav it in cash so no tak back,[]
14316,2021-09-02T17:07:04+00:00,@scruffbutt Omg when I was like 10 years old watching Zathura,1433476583151620108,Marcos Robles,0,0,0,0,"[-87.940033, 41.644102]","Chicago, IL",0,753,942,0,scruffbutt omg like 10 years old watching zathura,scruffbutt omg when i was lik 10 year old watch zathura,[]
265963,2021-09-26T15:59:46+00:00,@Aussiesoxfan I took out a good QB for a great one.,1442156954558812163,#RipRemDog .,1,0,1,0,"[-87.940033, 41.644102]","Chicago, IL",0,869,1211,0,aussiesoxfan took good qb great one,aussiesoxfan i took out a good qb for a great one,[]
232486,2021-09-23T17:33:58+00:00,@eswiftstudios #facts Life lessons.,1441093495939219463,Alfredo,0,0,0,0,"[-87.798798, 41.68331]","Oak Lawn, IL",['facts'],62,233,0,eswiftstudios facts life lessons,eswiftstudio fact lif lesson,[]
270758,2021-09-26T00:37:41+00:00,#StopLine3 #StopLine3Pipeline https://t.co/jofl9ib73s,1441924903356227589,ya girl #stopline3ğŸ¤™ğŸŒ¿ğŸŒ¬ğŸƒ,0,0,1,0,"[-87.798589, 41.690256]","Chicago Ridge, IL","['StopLine3', 'StopLine3Pipeline']",50,717,0,stopline3 stopline3pipeline,stopline3 stopline3pipelin,[]
65515,2021-09-07T15:09:29+00:00,@MuvaCurves ğŸ¥ºâ™¥ï¸,1435258931316678658,Nic,0,0,0,0,"[-87.940033, 41.644102]","Chicago, IL",0,22,159,0,muvacurves ğŸ¥ºâ™¥ï¸,muvacurve ğŸ¥ºâ™¥ï¸,"['pleading_face', 'heart_suit']"
67709,2021-09-07T03:55:31+00:00,@WrestlingFeverX @GCWrestling_ Absolutely SAME.,1435089319778209793,val capone: she/her,0,0,0,0,"[-87.940033, 41.644102]","Chicago, IL",0,2748,2795,0,wrestlingfeverx gcwrestling absolutely,wrestlingfeverx gcwrestl absolutely sam,[]
154764,2021-09-15T00:39:21+00:00,@CourseCharted @FitLifeTravel @LindaPeters64 @LiveaMemory @LisaRivera2207 @beckyexploring @DoroLef @DonNadeau @leisurelambie @ChooseChicago @RoadtripC Perhaps I should try it! A pizza adventure!,1437939057456295945,RudiGourmand,1,0,2,0,"[-87.940033, 41.644102]","Chicago, IL",0,3738,2966,0,coursecharted fitlifetravel lindapeters64 liveamemory lisarivera2207 beckyexploring dorolef donnadeau leisurelambie choosechicago roadtripc perhaps try pizza adventure,coursecharted fitlifetravel lindapeters64 liveamemory lisarivera2207 beckyexplor dorolef donnadeau leisurelambi choosechicago roadtripc perhap i should try it a pizza adventur,[]
13367,2021-09-02T18:39:04+00:00,@edaliqilinda Reportado y bloqueado por imbecil. https://t.co/XTpK4Xwqjd,1433499734744965126,ğŸ‡¦ ğŸ‡³ ğŸ‡¬ ğŸ‡® ğŸ‡ª ğŸ,1,0,2,0,"[-87.940033, 41.644102]","Chicago, IL",0,14377,12579,0,edaliqilinda reportado bloqueado por imbecil,edaliqilinda reportado y bloqueado por imbecil,[]
187069,2021-09-19T23:40:05+00:00,2241 North Avers Avenue https://t.co/RQ9ZyHfxlF,1439736082137026569,every lot chicago,0,0,3,0,"[-87.72268, 41.92208]","Chicago, IL",0,4879,4,0,2241 north avers avenue,2241 north aver avenu,[]
54378,2021-09-06T17:41:41+00:00,LIVE LAUGH K!LLLLL https://t.co/yyPaTQI1cD,1434934846711898116,ğŸ¦ƒ,1,1,3,0,"[-87.940033, 41.644102]","Chicago, IL",0,817,735,0,live laugh klllll,liv laugh klllll,[]
55455,2021-09-06T15:55:30+00:00,very annoying https://t.co/AdaW2KSLA3,1434908123341357059,â™¿ï¸ Leftover Lover,0,0,0,0,"[-87.940033, 41.644102]","Chicago, IL",0,117,108,0,annoying,very annoy,[]
216632,2021-09-21T02:47:44+00:00,this is a bike hate account until someone teaches me how to ride one,1440145694640119808,bilatinthem,0,0,3,1,"[-87.940033, 41.644102]","Chicago, IL",0,754,340,0,bike hate account someone teaches ride one,thi is a bik hat account until someon teache me how to rid one,[]
47164,2021-09-05T13:31:39+00:00,Chi River #Chicago #chicagoriver #chitown https://t.co/dKJNORi3Xy,1434509532970078208,FranTheMan,0,0,1,0,"[-87.836548, 41.968168]","Norwood Park, Chicago","['Chicago', 'chicagoriver', 'chitown']",99,510,0,chi river chicago chicagoriver chitown,chi river chicago chicagoriver chitown,[]
40616,2021-09-04T02:10:40+00:00,@palevioletblue Never that lol,1433975769764671490,Doug,0,0,0,0,"[-87.940033, 41.644102]","Chicago, IL",0,658,308,0,palevioletblue never lol,palevioletblu never that lol,[]
30242,2021-09-03T02:52:42+00:00,@HaightNotHate @RoccoSteeleNYC Youâ€™re the the BBB of OnlyFans,1433623959510130693,JPinThe773 ğŸ#BLM ğŸ³ï¸â€ğŸŒˆ,0,0,1,0,"[-87.940033, 41.644102]","Chicago, IL",0,4372,4985,0,haightnothate roccosteelenyc â€™ bbb onlyfans,haightnothat roccosteelenyc you â€™ re the the bbb of onlyfan,[]
240227,2021-09-24T22:17:38+00:00,"@theurbanologist Hey, welcome to my neighborhood.",1441527270552707072,John Halloran,0,0,0,0,"[-87.940033, 41.644102]","Chicago, IL",0,2455,4678,0,theurbanologist hey welcome neighborhood,theurbanologist hey welcom to my neighborhood,[]
253989,2021-09-25T16:29:55+00:00,Letâ€™s go @BadgerFootball!!! #OnWisconsin â¤ï¸ğŸ¦¡ğŸˆ https://t.co/hSl3umvQ9l,1441802153559937025,ğ“ğ“¶ğ“®ğ“µğ“²ğ“ª ğŸ§œğŸ¼â€â™€ï¸,0,0,3,0,"[-87.61676499038542, 41.86248647678667]",Soldier Field,['OnWisconsin'],1048,483,0,let â€™ go badgerfootball onwisconsin â¤ï¸ğŸ¦¡ğŸˆ,let â€™ s go badgerfootball onwisconsin â¤ï¸ğŸ¦¡ğŸˆ,"['red_heart', 'badger', 'american_football']"
101163,2021-09-10T00:08:45+00:00,@YHLQMDLGNAOMI https://t.co/g0qzJCEMEB,1436119415616122882,J A V O N,1,1,2,0,"[-87.940033, 41.644102]","Chicago, IL",0,235,194,0,yhlqmdlgnaomi,yhlqmdlgnaomi,[]
229723,2021-09-23T21:47:56+00:00,@_Prettyyassh A Feb Pisces?,1441157410282901508,Coach Dub,1,0,0,0,"[-87.940033, 41.644102]","Chicago, IL",0,2117,2066,0,prettyyassh feb pisces,prettyyassh a feb pisce,[]
282821,2021-09-28T21:30:49+00:00,I instantly become sad for all 5 min and 47 seconds of â€œSomebody Elseâ€ by the 1975,1442965039384875008,crus,2,0,9,0,"[-87.940033, 41.644102]","Chicago, IL",0,488,508,0,instantly become sad 5 min 47 seconds â€œ somebody else â€ 1975,i instantly becom sad for all 5 min and 47 second of â€œ somebody els â€ by the 1975,[]
137010,2021-09-14T19:40:50+00:00,Lmaooooooo nigga definitely look like a honorary member https://t.co/h9pkcioZDX,1437863934833348610,Stop the â€œblue hatsâ€,0,0,0,0,"[-87.940033, 41.644102]","Chicago, IL",0,1236,978,0,lmaooooooo nigga definitely look like honorary member,lmaooooooo nigga definitely look lik a honorary member,[]
123256,2021-09-13T23:47:55+00:00,@TheTimJennings Loki starts so slow but is the best Marvel series to date. So much heart and character development,1437563725708398594,Cody Muller,0,0,0,0,"[-87.940033, 41.644102]","Chicago, IL",0,53,308,0,thetimjennings loki starts slow best marvel series date much heart character development,thetimjenning loki start so slow but is the best marvel serie to dat so much heart and character development,[]
25500,2021-09-03T16:12:33+00:00,"@Kimberlneal44 Thank You for Following.
https://t.co/n3BbSMIvAI",1433825251935326213,Kevin L Winfield,0,0,0,0,"[-87.940033, 41.644102]","Chicago, IL",0,2148,2470,0,kimberlneal44 thank following,kimberlneal44 thank you for follow,[]
210828,2021-09-21T20:30:18+00:00,@jmaryloly1 @Karla_k0007 @bettymex3 @mario_vera_ @Zandy6067910 @YekiAlare @yahaira2983 @elsebastian777 @YekaAlA @Jeichan12 @Barbie93163587 @ProfGeorgie @paopaolita2 @isabel_zarai @Vatesolitaria20 @learockerita @KatyDOporto @Ev3rywh3r3 @PerroRoca @DulceBombom1709 @Fernanda20205 @PERVERSOAMOR @almonrey_ @AlbaCedeoZaval1 @teamtoo333 @MrGeeoorgee @DanielRuizvila1 @revistacodigo21 @Ryuji_Y4m @PMLamisma7 @mario72jorge @angelrayado6 @dark_crawling @Satarsa_ @AgalvezMari @Brown09775898 @PauVan4 @JanZurita @gabszentella @VroDurand @Princess_1eia @DarioPorta @LaEriSouto @veroce75 @chukyblanko @c_cgtz @CexyRubio @Israelbarronm @Dulcepeligrosa_ @javierehdz Muy buena canciÃ³n! ğŸ˜,1440413097286537219,ğŸ‡¦ ğŸ‡³ ğŸ‡¬ ğŸ‡® ğŸ‡ª ğŸ,1,0,5,0,"[-87.940033, 41.644102]","Chicago, IL",0,14379,12576,0,jmaryloly1 karlak0007 bettymex3 mariovera zandy6067910 yekialare yahaira2983 elsebastian777 yekaala jeichan12 barbie93163587 profgeorgie paopaolita2 isabelzarai vatesolitaria20 learockerita katydoporto ev3rywh3r3 perroroca dulcebombom1709 fernanda20205 perversoamor almonrey albacedeozaval1 teamtoo333 mrgeeoorgee danielruizvila1 revistacodigo21 ryujiy4m pmlamisma7 mario72jorge angelrayado6 darkcrawling satarsa agalvezmari brown09775898 pauvan4 janzurita gabszentella vrodurand princess1eia darioporta laerisouto veroce75 chukyblanko ccgtz cexyrubio israelbarronm dulcepeligrosa javierehdz muy buena canciÃ³n ğŸ˜,jmaryloly1 karlak0007 bettymex3 mariovera zandy6067910 yekialar yahaira2983 elsebastian777 yekaala jeichan12 barbie93163587 profgeorgi paopaolita2 isabelzarai vatesolitaria20 learockerita katydoporto ev3rywh3r3 perroroca dulcebombom1709 fernanda20205 perversoamor almonrey albacedeozaval1 teamtoo333 mrgeeoorge danielruizvila1 revistacodigo21 ryujiy4m pmlamisma7 mario72jorg angelrayado6 darkcrawl satarsa agalvezmari brown09775898 pauvan4 janzurita gabszentella vrodurand princess1eia darioporta laerisouto veroce75 chukyblanko ccgtz cexyrubio israelbarronm dulcepeligrosa javierehdz muy buena canciÃ³n ğŸ˜,['smiling_face_with_heart-eyes']
256021,2021-09-25T12:54:42+00:00,@OlegKup Here either!,1441747990973087756,elmtree ğŸ³ï¸â€ğŸŒˆ,1,0,0,0,"[-87.940033, 41.644102]","Chicago, IL",0,787,940,0,olegkup either,olegkup her either,[]
69136,2021-09-07T00:51:24+00:00,Letâ€™s Goooooooooooooooooo https://t.co/OuFn1gIRs0,1435042985025183745,SleepyğŸ,0,0,0,0,"[-87.940033, 41.644102]","Chicago, IL",0,123,215,0,let â€™ goooooooooooooooooo,let â€™ s goooooooooooooooooo,[]
72361,2021-09-08T19:15:57+00:00,Still thinking bout that Hesh into Charlesthefirst into SHAQ into NGHTMRE into Ganja White Night into Griz sets last Sat.,1435683344071725059,Lil' Druzi VertÂ® BLM,0,0,2,0,"[-87.940033, 41.644102]","Chicago, IL",0,279,1125,0,still thinking bout hesh charlesthefirst shaq nghtmre ganja white night griz sets last sat,still think bout that hesh into charlesthefirst into shaq into nghtmr into ganja whit night into griz set last sat,[]
10515,2021-09-02T23:37:03+00:00,@DrBourbonstein @53viroqua They still look like they have mange â€” or maybe are recovering from it? Some of the coyotes at Graceland have similar tracking devices.,1433574724135759873,Robert Loerzel,0,0,2,0,"[-87.940033, 41.644102]","Chicago, IL",0,20635,15556,0,drbourbonstein 53viroqua still look like mange â€” maybe recovering coyotes graceland similar tracking devices,drbourbonstein 53viroqua they still look lik they hav mang â€” or mayb are recover from it som of the coyote at graceland hav similar track device,[]
93220,2021-09-10T19:14:13+00:00,@JohnBenedeck great song selections todayâ€¦ as always!,1436407685226897424,Chris Hagstrom-Jones,0,0,1,0,"[-87.940033, 41.644102]","Chicago, IL",0,683,294,0,johnbenedeck great song selections todayâ€¦ always,johnbenedeck great song selection todayâ€¦ as alway,[]
62022,2021-09-07T22:00:00+00:00,Damn sals hair was fucking long ğŸ˜³,1435362240601919488,ğŸ¥‘,0,0,1,0,"[-87.940033, 41.644102]","Chicago, IL",0,39,52,0,damn sals hair fucking long ğŸ˜³,damn sal hair was fuck long ğŸ˜³,['flushed_face']
120901,2021-09-12T03:29:29+00:00,@realfriendsband are back! https://t.co/s1NPla3vKM,1436894709696315396,TJ,4,6,58,7,"[-87.940033, 41.644102]","Chicago, IL",0,1954,2985,0,realfriendsband back,realfriendsband are back,[]
281944,2021-09-28T23:01:44+00:00,@Target https://t.co/L7kNzaw49y,1442987922894901249,D DOLLA UNF GANG ENT,0,0,0,0,"[-87.940033, 41.644102]","Chicago, IL",0,1382,4979,0,target,target,[]
150512,2021-09-15T13:35:04+00:00,@MarvinMaloneii if i speeeaaakkkk.. pls tell me weâ€™re all thinking it.,1438134271798038529,DORğŸ¤´ğŸ¿,1,0,1,0,"[-87.940033, 41.644102]","Chicago, IL",0,1416,1440,0,marvinmaloneii speeeaaakkkk pls tell â€™ thinking,marvinmaloneii if i speeeaaakkkk pls tell me we â€™ re all think it,[]
151838,2021-09-15T05:42:03+00:00,Thereâ€™s hot gay alt people on my fyp and Iâ€™m so single,1438015233948278784,C,0,0,0,0,"[-87.940033, 41.644102]","Chicago, IL",0,22,49,0,â€™ hot gay alt people fyp â€™ single,ther â€™ s hot gay alt peopl on my fyp and i â€™ m so singl,[]
104911,2021-09-11T18:07:33+00:00,@e_rav24 https://t.co/QjWIy4d1IF,1436753292193841155,Earnest Mackey,0,0,0,0,"[-87.940033, 41.644102]","Chicago, IL",0,127,984,0,erav24,erav24,[]
